,WellName
0,35_4_1
1,35_9_7
2,34_10_21
3,16_6_1
4,16_11_1
5,35_6_2
6,15_9_9
7,16_7_2
8,34_10_16
9,35_3_1
10,6_3_1
11,34_2_2
12,35_11_1
13,15_9_15
14,16_8_1
15,16_9_1
16,25_10_3
17,30_4_2
18,15_9_13
19,25_10_9
20,16_7_4
21,35_9_8
22,34_7_5
23,16_10_5
24,25_8_7
25,15_9_4
26,16_1_6
27,25_2_5
28,16_10_2
29,35_9_1
30,35_9_10
31,35_11_7
32,16_2_7
33,31_4_8
34,25_2_14
35,30_6_19
36,16_2_6
37,35_8_1
38,15_9_14
39,35_3_7
40,15_9_22
41,31_2_21
42,31_5_5
43,25_8_9
44,30_6_8
45,35_9_6
46,25_10_4
47,31_5_6
48,16_4_2
49,36_7_1
50,33_6_2
51,33_9_11
52,30_2_2
53,15_9_7
54,25_2_7
55,15_9_17
56,25_6_3
57,30_6_22
58,15_9_18
59,25_6_2
60,30_6_23
61,31_3_2
62,34_3_1
63,16_11_2
64,25_8_1
65,34_10_17
66,30_3_3
67,31_2_7
68,31_4_6
69,34_8_6
70,30_3_2
71,34_7_15
72,34_10_5
73,31_6_5
74,25_8_5
75,25_11_15
76,16_7_5
77,34_7_13
78,17_11_1
79,35_9_2
80,6_3_2
81,35_8_2
82,31_2_3
83,25_9_1
84,25_10_2
85,31_4_4
86,15_9_5
87,25_10_8
88,34_10_23
89,31_3_3
90,31_2_2
91,31_2_10
92,31_3_4
93,34_10_33
94,30_9_13
95,31_4_2
96,30_6_11
97,34_3_3
98,36_7_3
99,34_8_3
100,34_12_1
101,16_1_2
102,34_4_10
103,34_4_5
104,34_8_1
105,31_6_1
106,31_5_2
107,31_2_17
108,25_11_5
109,34_5_1
110,16_7_6
111,34_10_18
112,35_8_4
113,16_10_1
114,25_11_23
115,31_6_8
116,34_10_7
117,31_4_10
118,25_11_1
119,16_7_7
120,31_4_5
121,34_6_1
122,35_11_6
123,35_12_4
124,35_8_3
125,35_11_11
126,15_9_23
127,29_3_1
128,25_2_6
129,33_9_6
130,34_8_7
131,35_11_12
132,35_9_5
133,33_6_1
134,15_9_2
135,24_12_2
136,25_6_1
137,34_10_35
138,25_4_5
139,25_5_2
140,33_6_3
141,17_4_1
142,35_11_13
143,35_8_6
144,15_9_12
145,31_5_3
146,25_3_1
147,16_7_1
148,35_3_4
149,34_11_2
150,34_11_9
151,15_9_19
152,34_7_20
153,16_10_4
154,35_10_1
155,16_4_1
156,7_1_1
157,31_2_8
158,34_2_4
159,34_3_2
160,34_7_16
161,16_2_11
162,25_7_2
163,34_11_3
164,35_7_1
165,16_10_3
166,25_5_4
167,26_4_1
168,34_7_21
169,25_11_19
170,35_12_1
171,31_2_9
172,34_4_2
173,15_9_8
174,35_3_2
175,35_11_15
176,30_7_7
177,16_5_3
178,31_2_1
179,30_6_5
180,35_9_9
181,30_6_14
182,31_5_4
183,30_11_3
184,34_4_3
185,31_2_19
186,35_11_10
187,34_10_12
188,29_6_1
189,35_10_2
190,25_5_1
191,35_3_5
192,31_4_3
193,35_8_5
194,35_11_5
195,25_5_3
196,35_11_2
197,32_2_1
198,7_3_1
199,7_1_2
200,30_3_5
201,25_10_10
202,30_2_1
203,30_4_1
204,16_7_3
205,16_2_16
206,25_2_13
207,34_7_12
208,34_10_19
209,34_11_1
210,16_7_8
211,33_9_1
212,30_3_4
213,33_5_2
214,25_11_24
215,31_3_1
216,25_4_1
