cmpLongName,fldName,cmpRemainingOil,cmpRemainingGas,cmpRemainingNGL,cmpRemainingCondensate,cmpRemainingOE,cmpDateOffResEstDisplay,cmpShare,fldNpdidField,cmpNpdidCompany,DatesyncNPD
A/S Norske Shell,GAUPE,0.00,0.00,0.00,0.00,0.00,31.12.2018,60.00000,18161341,562,24.01.2020
A/S Norske Shell,KNARR,0.79,0.01,0.01,0.00,0.82,31.12.2018,45.00000,20460988,562,24.01.2020
A/S Norske Shell,KVITEBJØRN,0.30,1.50,0.15,0.00,2.10,31.12.2018,6.45000,1036101,562,24.01.2020
A/S Norske Shell,ORMEN LANGE,0.00,17.64,0.00,0.84,18.48,31.12.2018,17.81340,2762452,562,24.01.2020
A/S Norske Shell,SINDRE,0.00,0.00,0.00,0.00,0.00,31.12.2018,3.23000,29401178,562,24.01.2020
A/S Norske Shell,TROLL,1.14,63.59,1.06,0.00,66.74,31.12.2018,8.10145,46437,562,24.01.2020
A/S Norske Shell,VALEMON,0.02,0.14,0.00,0.00,0.16,31.12.2018,3.22500,20460969,562,24.01.2020
Aker BP ASA,ALVHEIM,6.98,3.33,0.00,0.00,10.32,31.12.2018,65.00000,2845712,28544099,24.01.2020
Aker BP ASA,ATLA,0.00,0.00,0.00,0.00,0.00,31.12.2018,10.00000,21106284,28544099,24.01.2020
Aker BP ASA,BØYLA,0.51,0.01,0.00,0.00,0.53,31.12.2018,65.00000,22492497,28544099,24.01.2020
Aker BP ASA,ENOCH,0.00,0.00,0.00,0.00,0.00,31.12.2018,2.00000,3437659,28544099,24.01.2020
Aker BP ASA,FRØY,0.00,0.00,0.00,0.00,0.00,31.12.2018,90.26000,43597,28544099,24.01.2020
Aker BP ASA,GINA KROG,0.37,0.40,0.07,0.00,0.90,31.12.2018,3.30000,23384544,28544099,24.01.2020
Aker BP ASA,GLITNE,0.00,0.00,0.00,0.00,0.00,31.12.2018,40.00000,1272071,28544099,24.01.2020
Aker BP ASA,HANZ,0.80,0.13,0.02,0.00,0.97,31.12.2018,35.00000,25307278,28544099,24.01.2020
Aker BP ASA,HOD,0.49,0.06,0.01,0.00,0.57,31.12.2018,90.00000,43485,28544099,24.01.2020
Aker BP ASA,IVAR AASEN,6.40,1.02,0.16,0.00,7.73,31.12.2018,34.78620,23384520,28544099,24.01.2020
Aker BP ASA,JETTE,0.00,0.00,0.00,0.00,0.00,31.12.2018,70.00000,21613906,28544099,24.01.2020
Aker BP ASA,JOHAN SVERDRUP,47.05,1.19,0.52,0.00,49.23,31.12.2018,11.57330,26376286,28544099,24.01.2020
Aker BP ASA,LILLE-FRIGG,0.00,0.00,0.00,0.00,0.00,31.12.2018,40.00000,43583,28544099,24.01.2020
Aker BP ASA,MIME,0.00,0.00,0.00,0.00,0.00,31.12.2018,60.00000,43792,28544099,24.01.2020
Aker BP ASA,ODA,0.76,0.03,0.00,0.00,0.79,31.12.2018,15.00000,29412516,28544099,24.01.2020
Aker BP ASA,SKARV,1.44,3.96,0.44,0.00,6.24,31.12.2018,23.83500,4704482,28544099,24.01.2020
Aker BP ASA,SKOGUL,0.87,0.09,0.00,0.00,0.96,31.12.2018,65.00000,31164600,28544099,24.01.2020
Aker BP ASA,TAMBAR,0.92,0.23,0.02,0.00,1.19,31.12.2018,55.00000,1028599,28544099,24.01.2020
Aker BP ASA,TAMBAR ØST,0.03,0.00,0.00,0.00,0.03,31.12.2018,46.20000,4999528,28544099,24.01.2020
Aker BP ASA,ULA,6.01,0.00,0.09,0.00,6.18,31.12.2018,80.00000,43800,28544099,24.01.2020
Aker BP ASA,VALHALL,37.23,6.35,0.84,0.00,45.17,31.12.2018,90.00000,43548,28544099,24.01.2020
Aker BP ASA,VILJE,1.12,0.00,0.00,0.00,1.12,31.12.2018,46.90400,3392471,28544099,24.01.2020
Aker BP ASA,VOLUND,1.68,0.34,0.00,0.00,2.02,31.12.2018,65.00000,4380167,28544099,24.01.2020
Aker BP ASA,ÆRFUGL,1.37,7.17,0.80,0.00,10.07,31.12.2018,23.83500,33310197,28544099,24.01.2020
Aker BP ASA,ØST FRIGG,0.00,0.00,0.00,0.00,0.00,31.12.2018,40.00000,43576,28544099,24.01.2020
CapeOmega AS,BRYNHILD,0.00,0.00,0.00,0.00,0.00,31.12.2018,49.00000,21123063,31044668,24.01.2020
CapeOmega AS,ENOCH,0.01,0.00,0.00,0.00,0.01,31.12.2018,4.36000,3437659,31044668,24.01.2020
CapeOmega AS,OSELVAR,0.00,0.00,0.00,0.00,0.00,31.12.2018,45.00000,5506919,31044668,24.01.2020
Capricorn Norge AS,NOVA,0.91,0.21,0.07,0.00,1.25,31.12.2018,10.00000,33197696,23297570,24.01.2020
ConocoPhillips Skandinavia AS,ALBUSKJELL,0.00,0.00,0.00,0.00,0.00,31.12.2018,35.11200,43437,2410696,24.01.2020
ConocoPhillips Skandinavia AS,ALVHEIM,2.15,1.03,0.00,0.00,3.17,31.12.2018,20.00000,2845712,2410696,24.01.2020
ConocoPhillips Skandinavia AS,COD,0.00,0.00,0.00,0.00,0.00,31.12.2018,35.11200,43785,2410696,24.01.2020
ConocoPhillips Skandinavia AS,EDDA,0.00,0.00,0.00,0.00,0.00,31.12.2018,35.11200,43541,2410696,24.01.2020
ConocoPhillips Skandinavia AS,EKOFISK,25.78,3.87,0.48,0.00,30.56,31.12.2018,35.11200,43506,2410696,24.01.2020
ConocoPhillips Skandinavia AS,ELDFISK,8.09,0.92,0.13,0.00,9.27,31.12.2018,35.11200,43527,2410696,24.01.2020
ConocoPhillips Skandinavia AS,EMBLA,0.26,0.25,0.03,0.00,0.57,31.12.2018,35.11200,43534,2410696,24.01.2020
ConocoPhillips Skandinavia AS,GRANE,1.85,0.00,0.00,0.00,1.85,31.12.2018,6.16640,1035937,2410696,24.01.2020
ConocoPhillips Skandinavia AS,HEIDRUN,8.57,6.12,0.32,0.00,15.30,31.12.2018,23.98823,43771,2410696,24.01.2020
ConocoPhillips Skandinavia AS,OSEBERG,0.42,1.58,0.09,0.00,2.17,31.12.2018,2.40000,43625,2410696,24.01.2020
ConocoPhillips Skandinavia AS,OSEBERG SØR,0.29,0.27,0.02,0.00,0.60,31.12.2018,2.40000,43645,2410696,24.01.2020
ConocoPhillips Skandinavia AS,OSEBERG ØST,0.07,0.00,0.00,0.00,0.07,31.12.2018,2.40000,43639,2410696,24.01.2020
ConocoPhillips Skandinavia AS,TOMMELITEN GAMMA,0.00,0.00,0.00,0.00,0.00,31.12.2018,28.26000,43444,2410696,24.01.2020
ConocoPhillips Skandinavia AS,TOR,0.00,0.00,0.00,0.00,0.00,31.12.2018,30.65799,43520,2410696,24.01.2020
ConocoPhillips Skandinavia AS,TROLL,0.23,12.74,0.21,0.00,13.38,31.12.2018,1.62374,46437,2410696,24.01.2020
ConocoPhillips Skandinavia AS,VEST EKOFISK,0.00,0.00,0.00,0.00,0.00,31.12.2018,35.11200,43513,2410696,24.01.2020
ConocoPhillips Skandinavia AS,VISUND,0.66,3.61,0.44,0.00,5.12,31.12.2018,9.10000,43745,2410696,24.01.2020
ConocoPhillips Skandinavia AS,VISUND SØR,0.02,0.15,0.02,0.00,0.21,31.12.2018,9.10000,20461008,2410696,24.01.2020
ConocoPhillips Skandinavia AS,AASTA HANSTEEN,0.00,5.44,0.00,0.06,5.50,31.12.2018,10.00000,23395946,2410696,24.01.2020
DNO Norge AS,ALVE,0.12,0.86,0.12,0.00,1.20,31.12.2018,32.00000,4444332,29468270,24.01.2020
DNO Norge AS,BRAGE,0.51,0.11,0.03,0.00,0.68,31.12.2018,14.25670,43651,29468270,24.01.2020
DNO Norge AS,ENOCH,0.00,0.00,0.00,0.00,0.00,31.12.2018,1.86000,3437659,29468270,24.01.2020
DNO Norge AS,FENJA,0.82,0.25,0.04,0.00,1.15,31.12.2018,7.50000,31164879,29468270,24.01.2020
DNO Norge AS,MARULK,0.02,0.35,0.03,0.00,0.43,31.12.2018,17.00000,18212090,29468270,24.01.2020
DNO Norge AS,ODA,0.76,0.03,0.00,0.00,0.79,31.12.2018,15.00000,29412516,29468270,24.01.2020
DNO Norge AS,OSELVAR,0.00,0.00,0.00,0.00,0.00,31.12.2018,55.00000,5506919,29468270,24.01.2020
DNO Norge AS,RINGHORNE ØST,0.92,0.00,0.00,0.00,0.92,31.12.2018,22.62000,3505505,29468270,24.01.2020
DNO Norge AS,TAMBAR,0.75,0.19,0.02,0.00,0.97,31.12.2018,45.00000,1028599,29468270,24.01.2020
DNO Norge AS,TAMBAR ØST,0.03,0.00,0.00,0.00,0.03,31.12.2018,37.80000,4999528,29468270,24.01.2020
DNO Norge AS,TRYM,0.10,0.46,0.00,0.00,0.56,31.12.2018,50.00000,18081500,29468270,24.01.2020
DNO Norge AS,ULA,1.50,0.00,0.02,0.00,1.54,31.12.2018,20.00000,43800,29468270,24.01.2020
DNO Norge AS,VILJE,0.69,0.00,0.00,0.00,0.69,31.12.2018,28.85300,3392471,29468270,24.01.2020
Edison Norge AS,DVALIN,0.00,1.79,0.02,0.04,1.88,31.12.2018,10.00000,29393934,25612292,24.01.2020
Edison Norge AS,NOVA,1.37,0.32,0.10,0.00,1.88,31.12.2018,15.00000,33197696,25612292,24.01.2020
Equinor Energy AS,ALBUSKJELL,0.00,0.00,0.00,0.00,0.00,31.12.2018,7.60400,43437,32011216,24.01.2020
Equinor Energy AS,ALVE,0.20,1.42,0.19,0.00,1.98,31.12.2018,53.00000,4444332,32011216,24.01.2020
Equinor Energy AS,BAUGE,3.39,0.80,0.41,0.00,4.97,31.12.2018,42.50000,29446221,32011216,24.01.2020
Equinor Energy AS,BYRDING,0.58,0.46,0.05,0.00,1.14,31.12.2018,70.00000,28975067,32011216,24.01.2020
Equinor Energy AS,COD,0.00,0.00,0.00,0.00,0.00,31.12.2018,7.60400,43785,32011216,24.01.2020
Equinor Energy AS,EDDA,0.00,0.00,0.00,0.00,0.00,31.12.2018,7.60400,43541,32011216,24.01.2020
Equinor Energy AS,EKOFISK,5.58,0.84,0.10,0.00,6.62,31.12.2018,7.60400,43506,32011216,24.01.2020
Equinor Energy AS,ELDFISK,1.75,0.20,0.03,0.00,2.01,31.12.2018,7.60400,43527,32011216,24.01.2020
Equinor Energy AS,EMBLA,0.06,0.05,0.01,0.00,0.12,31.12.2018,7.60400,43534,32011216,24.01.2020
Equinor Energy AS,ENOCH,0.02,0.00,0.00,0.00,0.02,31.12.2018,11.78000,3437659,32011216,24.01.2020
Equinor Energy AS,FRAM,3.29,5.10,0.53,0.00,9.39,31.12.2018,45.00000,1578840,32011216,24.01.2020
Equinor Energy AS,FRAM H-NORD,0.04,0.00,0.00,0.00,0.04,31.12.2018,49.20000,23410947,32011216,24.01.2020
Equinor Energy AS,FRIGG,0.00,0.00,0.00,0.00,0.00,31.12.2018,90.00000,43555,32011216,24.01.2020
Equinor Energy AS,GIMLE,0.00,0.03,0.01,0.00,0.04,31.12.2018,70.91870,4005142,32011216,24.01.2020
Equinor Energy AS,GINA KROG,6.58,7.06,1.22,0.00,15.94,31.12.2018,58.70000,23384544,32011216,24.01.2020
Equinor Energy AS,GOLIAT,7.78,0.00,0.00,0.00,7.78,31.12.2018,35.00000,5774394,32011216,24.01.2020
Equinor Energy AS,GRANE,10.98,0.00,0.00,0.00,10.98,31.12.2018,36.61300,1035937,32011216,24.01.2020
Equinor Energy AS,GUDRUN,2.73,2.82,0.27,0.00,6.05,31.12.2018,36.00000,18116481,32011216,24.01.2020
Equinor Energy AS,GULLFAKS,8.29,0.00,0.00,0.00,8.29,31.12.2018,51.00000,43686,32011216,24.01.2020
Equinor Energy AS,GULLFAKS SØR,4.80,13.26,1.77,0.00,21.42,31.12.2018,51.00000,43699,32011216,24.01.2020
Equinor Energy AS,GUNGNE,0.07,0.34,0.04,0.00,0.50,31.12.2018,62.00000,43464,32011216,24.01.2020
Equinor Energy AS,HANZ,1.15,0.19,0.03,0.00,1.39,31.12.2018,50.00000,25307278,32011216,24.01.2020
Equinor Energy AS,HEIDRUN,4.66,3.33,0.17,0.00,8.32,31.12.2018,13.04316,43771,32011216,24.01.2020
Equinor Energy AS,HEIMDAL,0.00,0.01,0.00,0.00,0.01,31.12.2018,29.44300,43590,32011216,24.01.2020
Equinor Energy AS,HULDRA,0.00,0.00,0.00,0.00,0.00,31.12.2018,70.00000,97002,32011216,24.01.2020
Equinor Energy AS,HYME,0.55,0.24,0.09,0.00,0.95,31.12.2018,42.50000,20474183,32011216,24.01.2020
Equinor Energy AS,IVAR AASEN,7.64,1.22,0.19,0.00,9.21,31.12.2018,41.47300,23384520,32011216,24.01.2020
Equinor Energy AS,JOHAN CASTBERG,44.45,0.00,0.00,0.00,44.45,31.12.2018,50.00000,32017325,32011216,24.01.2020
Equinor Energy AS,JOHAN SVERDRUP,173.31,4.36,1.92,0.00,181.32,31.12.2018,42.62670,26376286,32011216,24.01.2020
Equinor Energy AS,KRISTIN,0.91,1.93,0.43,0.00,3.66,31.12.2018,55.29910,1854729,32011216,24.01.2020
Equinor Energy AS,KVITEBJØRN,1.84,9.22,0.94,0.00,12.85,31.12.2018,39.55000,1036101,32011216,24.01.2020
Equinor Energy AS,LILLE-FRIGG,0.00,0.00,0.00,0.00,0.00,31.12.2018,40.00000,43583,32011216,24.01.2020
Equinor Energy AS,MARTIN LINGE,7.61,18.00,1.53,0.00,28.51,31.12.2018,70.00000,21675447,32011216,24.01.2020
Equinor Energy AS,MARULK,0.04,0.68,0.06,0.00,0.84,31.12.2018,33.00000,18212090,32011216,24.01.2020
Equinor Energy AS,MIKKEL,0.78,4.41,1.12,0.00,7.32,31.12.2018,43.97000,1630514,32011216,24.01.2020
Equinor Energy AS,MORVIN,0.76,0.58,0.15,0.00,1.62,31.12.2018,64.00000,4966234,32011216,24.01.2020
Equinor Energy AS,NJORD,1.33,3.70,1.05,0.00,7.03,31.12.2018,27.50000,43751,32011216,24.01.2020
Equinor Energy AS,NORDØST FRIGG,0.00,0.00,0.00,0.00,0.00,31.12.2018,90.00000,43568,32011216,24.01.2020
Equinor Energy AS,NORNE,1.19,2.09,0.29,0.00,3.82,31.12.2018,39.10000,43778,32011216,24.01.2020
Equinor Energy AS,ODIN,0.00,0.00,0.00,0.00,0.00,31.12.2018,90.00000,43610,32011216,24.01.2020
Equinor Energy AS,ORMEN LANGE,0.00,25.10,0.00,1.20,26.30,31.12.2018,25.34520,2762452,32011216,24.01.2020
Equinor Energy AS,OSEBERG,8.64,32.49,1.77,0.00,44.49,31.12.2018,49.30000,43625,32011216,24.01.2020
Equinor Energy AS,OSEBERG SØR,5.92,5.52,0.50,0.00,12.38,31.12.2018,49.30000,43645,32011216,24.01.2020
Equinor Energy AS,OSEBERG ØST,1.38,0.01,0.02,0.00,1.44,31.12.2018,49.30000,43639,32011216,24.01.2020
Equinor Energy AS,SIGYN,0.11,0.19,0.04,0.00,0.36,31.12.2018,60.00000,1630100,32011216,24.01.2020
Equinor Energy AS,SINDRE,0.00,0.02,0.01,0.00,0.03,31.12.2018,64.73000,29401178,32011216,24.01.2020
Equinor Energy AS,SKARV,2.18,6.01,0.67,0.00,9.47,31.12.2018,36.16500,4704482,32011216,24.01.2020
Equinor Energy AS,SKULD,1.04,0.00,0.00,0.00,1.04,31.12.2018,63.95455,21350124,32011216,24.01.2020
Equinor Energy AS,SLEIPNER VEST,1.31,6.10,0.43,0.00,8.23,31.12.2018,58.34944,43457,32011216,24.01.2020
Equinor Energy AS,SLEIPNER ØST,0.04,0.15,0.02,0.00,0.22,31.12.2018,59.60000,43478,32011216,24.01.2020
Equinor Energy AS,SNORRE,30.54,0.00,0.00,0.00,30.54,31.12.2018,33.27556,43718,32011216,24.01.2020
Equinor Energy AS,SNØHVIT,0.00,57.22,2.06,5.97,67.10,31.12.2018,36.79000,2053062,32011216,24.01.2020
Equinor Energy AS,STATFJORD,1.89,3.06,1.04,0.00,6.94,31.12.2018,44.33688,43658,32011216,24.01.2020
Equinor Energy AS,STATFJORD NORD,0.54,0.03,0.01,0.00,0.59,31.12.2018,21.87500,43679,32011216,24.01.2020
Equinor Energy AS,STATFJORD ØST,0.06,0.01,0.00,0.00,0.08,31.12.2018,31.68750,43672,32011216,24.01.2020
Equinor Energy AS,SVALIN,2.22,0.00,0.00,0.00,2.22,31.12.2018,57.00000,22507971,32011216,24.01.2020
Equinor Energy AS,SYGNA,0.21,0.00,0.00,0.00,0.21,31.12.2018,30.70630,104718,32011216,24.01.2020
Equinor Energy AS,TOR,0.00,0.00,0.00,0.00,0.00,31.12.2018,6.63922,43520,32011216,24.01.2020
Equinor Energy AS,TORDIS,1.81,0.20,0.08,0.00,2.16,31.12.2018,41.50000,43725,32011216,24.01.2020
Equinor Energy AS,TRESTAKK,6.70,0.48,0.09,0.00,7.35,31.12.2018,59.10000,29396445,32011216,24.01.2020
Equinor Energy AS,TROLL,4.32,240.04,4.00,0.00,251.96,31.12.2018,30.58385,46437,32011216,24.01.2020
Equinor Energy AS,TUNE,0.02,0.13,0.00,0.00,0.14,31.12.2018,50.00000,853376,32011216,24.01.2020
Equinor Energy AS,TYRIHANS,3.32,18.46,3.69,0.00,28.80,31.12.2018,58.83550,3960848,32011216,24.01.2020
Equinor Energy AS,URD,1.28,0.00,0.00,0.00,1.28,31.12.2018,63.95455,2834734,32011216,24.01.2020
Equinor Energy AS,UTGARD,1.04,1.17,0.33,0.00,2.84,31.12.2018,38.44000,28975098,32011216,24.01.2020
Equinor Energy AS,VALEMON,0.32,2.96,0.03,0.00,3.34,31.12.2018,66.77500,20460969,32011216,24.01.2020
Equinor Energy AS,VESLEFRIKK,0.24,0.15,0.04,0.00,0.47,31.12.2018,18.00000,43618,32011216,24.01.2020
Equinor Energy AS,VEST EKOFISK,0.00,0.00,0.00,0.00,0.00,31.12.2018,7.60400,43513,32011216,24.01.2020
Equinor Energy AS,VIGDIS,4.25,0.00,0.01,0.00,4.27,31.12.2018,41.50000,43732,32011216,24.01.2020
Equinor Energy AS,VISUND,3.87,21.13,2.59,0.00,29.93,31.12.2018,53.20000,43745,32011216,24.01.2020
Equinor Energy AS,VISUND SØR,0.14,0.87,0.13,0.00,1.25,31.12.2018,53.20000,20461008,32011216,24.01.2020
Equinor Energy AS,YTTERGRYTA,0.00,0.00,0.00,0.00,0.00,31.12.2018,45.75000,4973114,32011216,24.01.2020
Equinor Energy AS,ÆRFUGL,2.08,10.89,1.22,0.00,15.27,31.12.2018,36.16500,33310197,32011216,24.01.2020
Equinor Energy AS,ØST FRIGG,0.00,0.00,0.00,0.00,0.00,31.12.2018,40.00000,43576,32011216,24.01.2020
Equinor Energy AS,ÅSGARD,2.53,13.85,2.72,0.00,21.55,31.12.2018,34.57000,43765,32011216,24.01.2020
Equinor Energy AS,AASTA HANSTEEN,0.00,27.72,0.00,0.31,28.03,31.12.2018,51.00000,23395946,32011216,24.01.2020
Idemitsu Petroleum Norge AS,BYRDING,0.12,0.10,0.01,0.00,0.24,31.12.2018,15.00000,28975067,441,24.01.2020
Idemitsu Petroleum Norge AS,DUVA,1.11,2.52,0.31,0.00,4.21,31.12.2018,30.00000,34833026,441,24.01.2020
Idemitsu Petroleum Norge AS,FRAM,1.10,1.70,0.18,0.00,3.13,31.12.2018,15.00000,1578840,441,24.01.2020
Idemitsu Petroleum Norge AS,FRAM H-NORD,0.03,0.00,0.00,0.00,0.03,31.12.2018,28.80000,23410947,441,24.01.2020
Idemitsu Petroleum Norge AS,KNARR,0.44,0.01,0.01,0.00,0.46,31.12.2018,25.00000,20460988,441,24.01.2020
Idemitsu Petroleum Norge AS,SNORRE,8.81,0.00,0.00,0.00,8.81,31.12.2018,9.60000,43718,441,24.01.2020
Idemitsu Petroleum Norge AS,STATFJORD ØST,0.01,0.00,0.00,0.00,0.01,31.12.2018,4.80000,43672,441,24.01.2020
Idemitsu Petroleum Norge AS,SYGNA,0.03,0.00,0.00,0.00,0.03,31.12.2018,4.32000,104718,441,24.01.2020
Idemitsu Petroleum Norge AS,TORDIS,0.42,0.05,0.02,0.00,0.50,31.12.2018,9.60000,43725,441,24.01.2020
Idemitsu Petroleum Norge AS,VEGA,0.10,0.42,0.15,0.00,0.79,31.12.2018,3.75000,4467595,441,24.01.2020
Idemitsu Petroleum Norge AS,VIGDIS,0.98,0.00,0.00,0.00,0.99,31.12.2018,9.60000,43732,441,24.01.2020
INEOS E&P Norge AS,ALVE,0.06,0.40,0.05,0.00,0.56,31.12.2018,15.00000,4444332,29805656,24.01.2020
INEOS E&P Norge AS,GYDA,0.00,0.00,0.00,0.00,0.00,31.12.2018,34.00000,43492,29805656,24.01.2020
INEOS E&P Norge AS,MARULK,0.04,0.62,0.06,0.00,0.76,31.12.2018,30.00000,18212090,29805656,24.01.2020
INEOS E&P Norge AS,ORMEN LANGE,0.00,13.89,0.00,0.66,14.55,31.12.2018,14.02080,2762452,29805656,24.01.2020
INEOS E&P Norge AS,TAMBAR ØST,0.00,0.00,0.00,0.00,0.00,31.12.2018,5.44000,4999528,29805656,24.01.2020
KUFPEC Norway AS,GINA KROG,3.36,3.61,0.62,0.00,8.15,31.12.2018,30.00000,23384544,23750622,24.01.2020
KUFPEC Norway AS,GUNGNE,0.01,0.06,0.01,0.00,0.08,31.12.2018,10.00000,43464,23750622,24.01.2020
KUFPEC Norway AS,GYDA,0.00,0.00,0.00,0.00,0.00,31.12.2018,5.00000,43492,23750622,24.01.2020
KUFPEC Norway AS,SLEIPNER VEST,0.21,0.98,0.07,0.00,1.33,31.12.2018,9.41120,43457,23750622,24.01.2020
KUFPEC Norway AS,SLEIPNER ØST,0.01,0.03,0.00,0.00,0.04,31.12.2018,10.00000,43478,23750622,24.01.2020
KUFPEC Norway AS,TAMBAR ØST,0.00,0.00,0.00,0.00,0.00,31.12.2018,0.80000,4999528,23750622,24.01.2020
KUFPEC Norway AS,UTGARD,0.17,0.19,0.05,0.00,0.46,31.12.2018,6.20000,28975098,23750622,24.01.2020
KUFPEC Norway AS,YME,1.02,0.00,0.00,0.00,1.02,31.12.2018,10.00000,43807,23750622,24.01.2020
LOTOS Exploration and Production Norge AS,ATLA,0.00,0.00,0.00,0.00,0.00,31.12.2018,20.00000,21106284,5064434,24.01.2020
LOTOS Exploration and Production Norge AS,FRØY,0.00,0.00,0.00,0.00,0.00,31.12.2018,9.74000,43597,5064434,24.01.2020
LOTOS Exploration and Production Norge AS,GUNGNE,0.02,0.08,0.01,0.00,0.12,31.12.2018,15.00000,43464,5064434,24.01.2020
LOTOS Exploration and Production Norge AS,HEIMDAL,0.00,0.00,0.00,0.00,0.00,31.12.2018,5.00000,43590,5064434,24.01.2020
LOTOS Exploration and Production Norge AS,LILLE-FRIGG,0.00,0.00,0.00,0.00,0.00,31.12.2018,20.00000,43583,5064434,24.01.2020
LOTOS Exploration and Production Norge AS,SKIRNE,0.01,0.07,0.00,0.00,0.08,31.12.2018,30.00000,2138816,5064434,24.01.2020
LOTOS Exploration and Production Norge AS,SLEIPNER VEST,0.34,1.57,0.11,0.00,2.11,31.12.2018,15.00000,43457,5064434,24.01.2020
LOTOS Exploration and Production Norge AS,SLEIPNER ØST,0.01,0.04,0.00,0.00,0.06,31.12.2018,15.00000,43478,5064434,24.01.2020
LOTOS Exploration and Production Norge AS,UTGARD,0.47,0.53,0.15,0.00,1.28,31.12.2018,17.36000,28975098,5064434,24.01.2020
LOTOS Exploration and Production Norge AS,VALE,0.10,0.14,0.00,0.00,0.23,31.12.2018,25.75700,1578893,5064434,24.01.2020
LOTOS Exploration and Production Norge AS,YME,2.03,0.00,0.00,0.00,2.03,31.12.2018,20.00000,43807,5064434,24.01.2020
LOTOS Exploration and Production Norge AS,ØST FRIGG,0.00,0.00,0.00,0.00,0.00,31.12.2018,20.00000,43576,5064434,24.01.2020
Lundin Norway AS,ALVHEIM,1.61,0.77,0.00,0.00,2.38,31.12.2018,15.00000,2845712,2767314,24.01.2020
Lundin Norway AS,BRYNHILD,0.00,0.00,0.00,0.00,0.00,31.12.2018,51.00000,21123063,2767314,24.01.2020
Lundin Norway AS,BØYLA,0.12,0.00,0.00,0.00,0.12,31.12.2018,15.00000,22492497,2767314,24.01.2020
Lundin Norway AS,EDVARD GRIEG,16.35,1.51,0.45,0.00,18.71,31.12.2018,65.00000,21675433,2767314,24.01.2020
Lundin Norway AS,GAUPE,0.00,0.00,0.00,0.00,0.00,31.12.2018,40.00000,18161341,2767314,24.01.2020
Lundin Norway AS,IVAR AASEN,0.25,0.04,0.01,0.00,0.31,31.12.2018,1.38500,23384520,2767314,24.01.2020
Lundin Norway AS,JOHAN SVERDRUP,81.32,2.05,0.90,0.00,85.07,31.12.2018,20.00000,26376286,2767314,24.01.2020
Lundin Norway AS,SOLVEIG,4.54,0.94,0.27,0.00,5.99,31.12.2018,65.00000,34833011,2767314,24.01.2020
Lundin Norway AS,VOLUND,0.90,0.18,0.00,0.00,1.09,31.12.2018,35.00000,4380167,2767314,24.01.2020
Mime Petroleum AS,BALDER,1.46,0.00,0.00,0.00,1.47,31.12.2018,10.00000,43562,29491564,24.01.2020
Mime Petroleum AS,JOTUN,0.00,0.00,0.00,0.00,0.00,31.12.2018,10.00000,43604,29491564,24.01.2020
Mime Petroleum AS,RINGHORNE ØST,0.30,0.00,0.00,0.00,0.30,31.12.2018,7.40000,3505505,29491564,24.01.2020
Neptune Energy Norge AS,BAUGE,1.00,0.24,0.12,0.00,1.46,31.12.2018,12.50000,29446221,31123361,24.01.2020
Neptune Energy Norge AS,BRAGE,0.16,0.03,0.01,0.00,0.21,31.12.2018,4.44240,43651,31123361,24.01.2020
Neptune Energy Norge AS,BYRDING,0.12,0.10,0.01,0.00,0.24,31.12.2018,15.00000,28975067,31123361,24.01.2020
Neptune Energy Norge AS,DRAUGEN,0.20,0.00,0.01,0.00,0.21,31.12.2018,7.56000,43758,31123361,24.01.2020
Neptune Energy Norge AS,DUVA,1.11,2.52,0.31,0.00,4.21,31.12.2018,30.00000,34833026,31123361,24.01.2020
Neptune Energy Norge AS,FENJA,3.27,1.01,0.17,0.00,4.61,31.12.2018,30.00000,31164879,31123361,24.01.2020
Neptune Energy Norge AS,FRAM,1.10,1.70,0.18,0.00,3.13,31.12.2018,15.00000,1578840,31123361,24.01.2020
Neptune Energy Norge AS,FRAM H-NORD,0.01,0.00,0.00,0.00,0.01,31.12.2018,10.80000,23410947,31123361,24.01.2020
Neptune Energy Norge AS,GJØA,0.35,3.13,0.71,0.00,4.81,31.12.2018,30.00000,4467574,31123361,24.01.2020
Neptune Energy Norge AS,GUDRUN,1.89,1.96,0.19,0.00,4.20,31.12.2018,25.00000,18116481,31123361,24.01.2020
Neptune Energy Norge AS,HYME,0.16,0.07,0.03,0.00,0.28,31.12.2018,12.50000,20474183,31123361,24.01.2020
Neptune Energy Norge AS,IVAR AASEN,0.56,0.09,0.01,0.00,0.67,31.12.2018,3.02300,23384520,31123361,24.01.2020
Neptune Energy Norge AS,NJORD,1.09,3.03,0.86,0.00,5.75,31.12.2018,22.50000,43751,31123361,24.01.2020
Neptune Energy Norge AS,SNØHVIT,0.00,18.66,0.67,1.95,21.89,31.12.2018,12.00000,2053062,31123361,24.01.2020
Neptune Energy Norge AS,VEGA,0.10,0.42,0.15,0.00,0.79,31.12.2018,3.75000,4467595,31123361,24.01.2020
OKEA ASA,DRAUGEN,1.17,0.00,0.04,0.00,1.24,31.12.2018,44.56000,43758,34925006,24.01.2020
OKEA ASA,GJØA,0.14,1.25,0.28,0.00,1.93,31.12.2018,12.00000,4467574,34925006,24.01.2020
OKEA ASA,IVAR AASEN,0.10,0.02,0.00,0.00,0.12,31.12.2018,0.55400,23384520,34925006,24.01.2020
OKEA ASA,YME,1.53,0.00,0.00,0.00,1.53,31.12.2018,15.00000,43807,34925006,24.01.2020
OMV (Norge) AS,EDVARD GRIEG,5.03,0.46,0.14,0.00,5.76,31.12.2018,20.00000,21675433,4460594,24.01.2020
OMV (Norge) AS,GLITNE,0.00,0.00,0.00,0.00,0.00,31.12.2018,20.00000,1272071,4460594,24.01.2020
OMV (Norge) AS,GUDRUN,1.82,1.88,0.18,0.00,4.04,31.12.2018,24.00000,18116481,4460594,24.01.2020
OMV (Norge) AS,GULLFAKS,3.09,0.00,0.00,0.00,3.09,31.12.2018,19.00000,43686,4460594,24.01.2020
OMV (Norge) AS,GULLFAKS SØR,1.79,4.94,0.66,0.00,7.98,31.12.2018,19.00000,43699,4460594,24.01.2020
OMV (Norge) AS,SOLVEIG,1.40,0.29,0.08,0.00,1.84,31.12.2018,20.00000,34833011,4460594,24.01.2020
OMV (Norge) AS,AASTA HANSTEEN,0.00,8.15,0.00,0.09,8.25,31.12.2018,15.00000,23395946,4460594,24.01.2020
ONE-Dyas Norge AS,NOVA,0.91,0.21,0.07,0.00,1.25,31.12.2018,10.00000,33197696,34764453,24.01.2020
Pandion Energy AS,DUVA,0.37,0.84,0.10,0.00,1.40,31.12.2018,10.00000,34833026,29028767,24.01.2020
Pandion Energy AS,HOD,0.05,0.01,0.00,0.00,0.06,31.12.2018,10.00000,43485,29028767,24.01.2020
Pandion Energy AS,VALHALL,4.14,0.71,0.09,0.00,5.02,31.12.2018,10.00000,43548,29028767,24.01.2020
Petoro AS,ALBUSKJELL,0.00,0.00,0.00,0.00,0.00,31.12.2018,5.00000,43437,1626839,24.01.2020
Petoro AS,ATLA,0.00,0.00,0.00,0.00,0.00,31.12.2018,30.00000,21106284,1626839,24.01.2020
Petoro AS,COD,0.00,0.00,0.00,0.00,0.00,31.12.2018,5.00000,43785,1626839,24.01.2020
Petoro AS,DRAUGEN,1.25,0.00,0.04,0.00,1.34,31.12.2018,47.88000,43758,1626839,24.01.2020
Petoro AS,DVALIN,0.00,6.28,0.08,0.14,6.58,31.12.2018,35.00000,29393934,1626839,24.01.2020
Petoro AS,EDDA,0.00,0.00,0.00,0.00,0.00,31.12.2018,5.00000,43541,1626839,24.01.2020
Petoro AS,EKOFISK,3.67,0.55,0.07,0.00,4.35,31.12.2018,5.00000,43506,1626839,24.01.2020
Petoro AS,ELDFISK,1.15,0.13,0.02,0.00,1.32,31.12.2018,5.00000,43527,1626839,24.01.2020
Petoro AS,EMBLA,0.04,0.04,0.00,0.00,0.08,31.12.2018,5.00000,43534,1626839,24.01.2020
Petoro AS,FRAM H-NORD,0.01,0.00,0.00,0.00,0.01,31.12.2018,11.20000,23410947,1626839,24.01.2020
Petoro AS,GIMLE,0.00,0.01,0.00,0.00,0.01,31.12.2018,24.18630,4005142,1626839,24.01.2020
Petoro AS,GJØA,0.35,3.13,0.71,0.00,4.81,31.12.2018,30.00000,4467574,1626839,24.01.2020
Petoro AS,GLITNE,0.00,0.00,0.00,0.00,0.00,31.12.2018,20.00000,1272071,1626839,24.01.2020
Petoro AS,GRANE,8.67,0.00,0.00,0.00,8.67,31.12.2018,28.90500,1035937,1626839,24.01.2020
Petoro AS,GULLFAKS,4.88,0.00,0.00,0.00,4.88,31.12.2018,30.00000,43686,1626839,24.01.2020
Petoro AS,GULLFAKS SØR,2.82,7.80,1.04,0.00,12.60,31.12.2018,30.00000,43699,1626839,24.01.2020
Petoro AS,HEIDRUN,20.66,14.74,0.77,0.00,36.86,31.12.2018,57.79339,43771,1626839,24.01.2020
Petoro AS,HEIMDAL,0.00,0.01,0.00,0.00,0.01,31.12.2018,20.00000,43590,1626839,24.01.2020
Petoro AS,JETTE,0.00,0.00,0.00,0.00,0.00,31.12.2018,30.00000,21613906,1626839,24.01.2020
Petoro AS,JOHAN CASTBERG,17.78,0.00,0.00,0.00,17.78,31.12.2018,20.00000,32017325,1626839,24.01.2020
Petoro AS,JOHAN SVERDRUP,70.58,1.78,0.78,0.00,73.84,31.12.2018,17.36000,26376286,1626839,24.01.2020
Petoro AS,KRISTIN,0.32,0.68,0.15,0.00,1.30,31.12.2018,19.57700,1854729,1626839,24.01.2020
Petoro AS,KVITEBJØRN,1.40,7.00,0.71,0.00,9.75,31.12.2018,30.00000,1036101,1626839,24.01.2020
Petoro AS,MARIA,2.05,0.17,0.10,0.00,2.41,31.12.2018,30.00000,26465170,1626839,24.01.2020
Petoro AS,MARTIN LINGE,3.26,7.72,0.65,0.00,12.22,31.12.2018,30.00000,21675447,1626839,24.01.2020
Petoro AS,MIME,0.00,0.00,0.00,0.00,0.00,31.12.2018,20.00000,43792,1626839,24.01.2020
Petoro AS,NORNE,1.64,2.89,0.39,0.00,5.28,31.12.2018,54.00000,43778,1626839,24.01.2020
Petoro AS,ORMEN LANGE,0.00,36.14,0.00,1.72,37.86,31.12.2018,36.48500,2762452,1626839,24.01.2020
Petoro AS,OSEBERG,5.89,22.15,1.21,0.00,30.32,31.12.2018,33.60000,43625,1626839,24.01.2020
Petoro AS,OSEBERG SØR,4.03,3.76,0.34,0.00,8.44,31.12.2018,33.60000,43645,1626839,24.01.2020
Petoro AS,OSEBERG ØST,0.94,0.01,0.02,0.00,0.98,31.12.2018,33.60000,43639,1626839,24.01.2020
Petoro AS,REV,0.00,0.00,0.00,0.00,0.01,31.12.2018,30.00000,4467554,1626839,24.01.2020
Petoro AS,SINDRE,0.00,0.01,0.00,0.00,0.01,31.12.2018,27.09000,29401178,1626839,24.01.2020
Petoro AS,SKIRNE,0.01,0.07,0.00,0.00,0.08,31.12.2018,30.00000,2138816,1626839,24.01.2020
Petoro AS,SKULD,0.40,0.00,0.00,0.00,0.40,31.12.2018,24.54546,21350124,1626839,24.01.2020
Petoro AS,SNORRE,27.53,0.00,0.00,0.00,27.53,31.12.2018,30.00000,43718,1626839,24.01.2020
Petoro AS,SNØHVIT,0.00,46.66,1.68,4.87,54.71,31.12.2018,30.00000,2053062,1626839,24.01.2020
Petoro AS,STATFJORD NORD,0.74,0.04,0.01,0.00,0.81,31.12.2018,30.00000,43679,1626839,24.01.2020
Petoro AS,STATFJORD ØST,0.06,0.01,0.00,0.00,0.07,31.12.2018,30.00000,43672,1626839,24.01.2020
Petoro AS,SVALIN,1.17,0.00,0.00,0.00,1.17,31.12.2018,30.00000,22507971,1626839,24.01.2020
Petoro AS,SYGNA,0.21,0.00,0.00,0.00,0.21,31.12.2018,30.00000,104718,1626839,24.01.2020
Petoro AS,TOR,0.00,0.00,0.00,0.00,0.00,31.12.2018,3.68744,43520,1626839,24.01.2020
Petoro AS,TORDIS,1.31,0.14,0.06,0.00,1.56,31.12.2018,30.00000,43725,1626839,24.01.2020
Petoro AS,TROLL,7.90,439.53,7.32,0.00,461.35,31.12.2018,56.00000,46437,1626839,24.01.2020
Petoro AS,TUNE,0.01,0.10,0.00,0.00,0.11,31.12.2018,40.00000,853376,1626839,24.01.2020
Petoro AS,URD,0.49,0.00,0.00,0.00,0.49,31.12.2018,24.54546,2834734,1626839,24.01.2020
Petoro AS,VALEMON,0.14,1.33,0.01,0.00,1.50,31.12.2018,30.00000,20460969,1626839,24.01.2020
Petoro AS,VEGA,0.79,3.32,1.18,0.00,6.35,31.12.2018,30.00000,4467595,1626839,24.01.2020
Petoro AS,VESLEFRIKK,0.50,0.30,0.09,0.00,0.96,31.12.2018,37.00000,43618,1626839,24.01.2020
Petoro AS,VEST EKOFISK,0.00,0.00,0.00,0.00,0.00,31.12.2018,5.00000,43513,1626839,24.01.2020
Petoro AS,VIGDIS,3.08,0.00,0.01,0.00,3.09,31.12.2018,30.00000,43732,1626839,24.01.2020
Petoro AS,VISUND,2.18,11.92,1.46,0.00,16.88,31.12.2018,30.00000,43745,1626839,24.01.2020
Petoro AS,VISUND SØR,0.08,0.49,0.07,0.00,0.71,31.12.2018,30.00000,20461008,1626839,24.01.2020
Petoro AS,YTTERGRYTA,0.00,0.00,0.00,0.00,0.00,31.12.2018,19.95000,4973114,1626839,24.01.2020
Petoro AS,ÅSGARD,2.61,14.30,2.81,0.00,22.24,31.12.2018,35.69000,43765,1626839,24.01.2020
Petrolia NOCO AS,FLYNDRE,0.00,0.00,0.00,0.00,0.00,31.12.2018,0.82500,24635035,28518657,24.01.2020
PGNiG Upstream Norway AS,DUVA,0.74,1.68,0.21,0.00,2.81,31.12.2018,20.00000,34833026,29394105,24.01.2020
PGNiG Upstream Norway AS,GINA KROG,0.90,0.96,0.17,0.00,2.17,31.12.2018,8.00000,23384544,29394105,24.01.2020
PGNiG Upstream Norway AS,MORVIN,0.07,0.05,0.01,0.00,0.15,31.12.2018,6.00000,4966234,29394105,24.01.2020
PGNiG Upstream Norway AS,SKARV,0.72,1.98,0.22,0.00,3.12,31.12.2018,11.91750,4704482,29394105,24.01.2020
PGNiG Upstream Norway AS,SKOGUL,0.47,0.05,0.00,0.00,0.52,31.12.2018,35.00000,31164600,29394105,24.01.2020
PGNiG Upstream Norway AS,TOMMELITEN GAMMA,0.00,0.00,0.00,0.00,0.00,31.12.2018,42.38000,43444,29394105,24.01.2020
PGNiG Upstream Norway AS,VALE,0.09,0.13,0.00,0.00,0.22,31.12.2018,24.24300,1578893,29394105,24.01.2020
PGNiG Upstream Norway AS,VILJE,0.58,0.00,0.00,0.00,0.58,31.12.2018,24.24300,3392471,29394105,24.01.2020
PGNiG Upstream Norway AS,ÆRFUGL,0.69,3.59,0.40,0.00,5.03,31.12.2018,11.91750,33310197,29394105,24.01.2020
Repsol Norge AS,BLANE,0.12,0.00,0.00,0.00,0.12,31.12.2018,18.00000,3437650,27052812,24.01.2020
Repsol Norge AS,BRAGE,1.21,0.25,0.08,0.00,1.62,31.12.2018,33.84340,43651,27052812,24.01.2020
Repsol Norge AS,GUDRUN,1.14,1.18,0.11,0.00,2.52,31.12.2018,15.00000,18116481,27052812,24.01.2020
Repsol Norge AS,GYDA,0.00,0.00,0.00,0.00,0.00,31.12.2018,61.00000,43492,27052812,24.01.2020
Repsol Norge AS,MIKKEL,0.14,0.77,0.20,0.00,1.27,31.12.2018,7.65000,1630514,27052812,24.01.2020
Repsol Norge AS,REV,0.01,0.01,0.00,0.00,0.01,31.12.2018,70.00000,4467554,27052812,24.01.2020
Repsol Norge AS,TAMBAR ØST,0.01,0.00,0.00,0.00,0.01,31.12.2018,9.76000,4999528,27052812,24.01.2020
Repsol Norge AS,VESLEFRIKK,0.37,0.22,0.06,0.00,0.70,31.12.2018,27.00000,43618,27052812,24.01.2020
Repsol Norge AS,VISUND,0.56,3.06,0.37,0.00,4.33,31.12.2018,7.70000,43745,27052812,24.01.2020
Repsol Norge AS,VISUND SØR,0.02,0.13,0.02,0.00,0.18,31.12.2018,7.70000,20461008,27052812,24.01.2020
Repsol Norge AS,YME,5.59,0.00,0.00,0.00,5.59,31.12.2018,55.00000,43807,27052812,24.01.2020

