prfInformationCarrier,prfYear,prfMonth,prfPrdOilNetMillSm3,prfPrdGasNetBillSm3,prfPrdNGLNetMillSm3,prfPrdCondensateNetMillSm3,prfPrdOeNetMillSm3,prfPrdProducedWaterInFieldMillSm3,prfNpdidInformationCarrier
24/9-12 S (Frosk),2019,8,0.01705,0.00068,0.00000,0.00000,0.01772,0.00061,31140456
24/9-12 S (Frosk),2019,9,0.05557,0.00323,0.00000,0.00000,0.05880,0.00000,31140456
24/9-12 S (Frosk),2019,10,0.04403,0.00258,0.00000,0.00000,0.04661,0.00000,31140456
24/9-12 S (Frosk),2019,11,0.05350,0.00299,0.00000,0.00000,0.05648,0.00000,31140456
33/9-6 DELTA,2009,7,0.00025,0.00000,-0.00004,0.00000,0.00021,0.00051,44576
33/9-6 DELTA,2009,8,0.00325,0.00000,0.00014,0.00000,0.00339,0.00063,44576
33/9-6 DELTA,2009,9,0.00317,0.00000,0.00010,0.00000,0.00327,0.00316,44576
33/9-6 DELTA,2009,10,0.00294,0.00000,0.00012,0.00000,0.00306,0.00535,44576
33/9-6 DELTA,2009,11,-0.00001,0.00000,-0.00004,0.00000,-0.00005,0.00000,44576
33/9-6 DELTA,2009,12,0.00062,0.00000,-0.00002,0.00000,0.00060,0.00096,44576
33/9-6 DELTA,2010,1,0.00298,0.00000,0.00008,0.00000,0.00305,0.00079,44576
33/9-6 DELTA,2010,2,0.00260,0.00000,0.00010,0.00000,0.00270,0.00451,44576
33/9-6 DELTA,2010,3,0.00302,0.00000,0.00015,0.00000,0.00317,0.00682,44576
33/9-6 DELTA,2010,4,0.00183,0.00000,0.00002,0.00000,0.00185,0.00918,44576
33/9-6 DELTA,2010,5,0.00314,0.00000,0.00010,0.00000,0.00324,0.00698,44576
33/9-6 DELTA,2010,6,0.00168,0.00000,0.00003,0.00000,0.00171,0.00267,44576
33/9-6 DELTA,2010,7,0.00282,0.00000,-0.00002,0.00000,0.00280,0.00362,44576
33/9-6 DELTA,2010,8,0.00231,0.00000,0.00000,0.00000,0.00231,0.00307,44576
33/9-6 DELTA,2010,9,-0.00002,0.00000,0.00000,0.00000,-0.00002,0.00000,44576
33/9-6 DELTA,2010,10,0.00048,0.00000,-0.00061,0.00000,-0.00013,0.00000,44576
33/9-6 DELTA,2010,11,0.00000,0.00000,-0.00008,0.00000,-0.00008,0.00000,44576
33/9-6 DELTA,2010,12,0.00049,0.00000,0.00000,0.00000,0.00049,0.00075,44576
33/9-6 DELTA,2011,1,-0.00001,0.00000,0.00000,0.00000,-0.00001,0.00000,44576
33/9-6 DELTA,2011,2,0.00109,0.00000,0.00000,0.00000,0.00109,0.00139,44576
33/9-6 DELTA,2011,3,0.00100,0.00000,0.00000,0.00000,0.00100,0.00141,44576
33/9-6 DELTA,2011,4,0.00237,0.00000,0.00000,0.00000,0.00237,0.00295,44576
33/9-6 DELTA,2011,5,0.00251,0.00000,0.00000,0.00000,0.00251,0.00079,44576
33/9-6 DELTA,2011,6,0.00152,0.00000,0.00000,0.00000,0.00152,0.00009,44576
33/9-6 DELTA,2011,7,0.00186,0.00000,0.00000,0.00000,0.00186,0.00011,44576
33/9-6 DELTA,2011,8,0.00253,0.00000,0.00000,0.00000,0.00253,0.00015,44576
33/9-6 DELTA,2011,9,0.00207,0.00000,0.00000,0.00000,0.00207,0.00012,44576
33/9-6 DELTA,2011,10,0.00048,0.00000,0.00000,0.00000,0.00048,0.00004,44576
33/9-6 DELTA,2011,11,0.00199,0.00000,0.00000,0.00000,0.00199,0.00018,44576
33/9-6 DELTA,2011,12,0.00148,0.00000,0.00000,0.00000,0.00148,0.00014,44576
33/9-6 DELTA,2012,1,0.00165,0.00000,0.00000,0.00000,0.00165,0.00048,44576
33/9-6 DELTA,2012,2,0.00059,0.00000,0.00000,0.00000,0.00059,0.00039,44576
33/9-6 DELTA,2012,3,0.00113,0.00000,0.00000,0.00000,0.00113,0.00081,44576
33/9-6 DELTA,2012,4,-0.00001,0.00000,0.00000,0.00000,-0.00001,0.00000,44576
33/9-6 DELTA,2012,5,0.00025,0.00000,0.00000,0.00000,0.00025,0.00023,44576
33/9-6 DELTA,2012,6,0.00120,0.00000,0.00000,0.00000,0.00120,0.00025,44576
33/9-6 DELTA,2012,7,0.00242,0.00000,0.00000,0.00000,0.00242,0.00048,44576
33/9-6 DELTA,2012,8,0.00142,0.00000,0.00000,0.00000,0.00142,0.00026,44576
33/9-6 DELTA,2012,9,0.00003,0.00000,0.00000,0.00000,0.00003,0.00002,44576
33/9-6 DELTA,2012,10,0.00235,0.00000,0.00000,0.00000,0.00235,0.00040,44576
33/9-6 DELTA,2012,11,0.00147,0.00000,0.00000,0.00000,0.00147,0.00035,44576
33/9-6 DELTA,2012,12,0.00087,0.00000,0.00000,0.00000,0.00087,0.00021,44576
33/9-6 DELTA,2013,1,0.00033,0.00000,0.00000,0.00000,0.00033,0.00010,44576
33/9-6 DELTA,2013,2,0.00000,0.00000,0.00000,0.00000,0.00000,0.00000,44576
33/9-6 DELTA,2013,3,0.00071,0.00000,0.00000,0.00000,0.00071,0.00017,44576
33/9-6 DELTA,2013,4,0.00063,0.00000,0.00000,0.00000,0.00063,0.00016,44576
33/9-6 DELTA,2013,5,0.00026,0.00000,0.00000,0.00000,0.00026,0.00009,44576
33/9-6 DELTA,2013,6,0.00034,0.00000,0.00000,0.00000,0.00034,0.00010,44576
33/9-6 DELTA,2013,7,0.00026,0.00000,0.00000,0.00000,0.00026,0.00008,44576
33/9-6 DELTA,2013,8,0.00042,0.00000,0.00000,0.00000,0.00042,0.00000,44576
33/9-6 DELTA,2013,9,0.00066,0.00000,0.00000,0.00000,0.00066,0.00000,44576
33/9-6 DELTA,2013,10,0.00001,0.00000,0.00000,0.00000,0.00001,0.00000,44576
33/9-6 DELTA,2013,11,0.00000,0.00000,0.00000,0.00000,0.00000,0.00000,44576
33/9-6 DELTA,2013,12,0.00074,0.00000,0.00000,0.00000,0.00074,0.00000,44576
33/9-6 DELTA,2014,1,0.00068,0.00000,0.00000,0.00000,0.00068,0.00001,44576
33/9-6 DELTA,2014,2,0.00003,0.00000,0.00000,0.00000,0.00003,0.00000,44576
7220/11-1 (Alta),2018,7,0.01855,0.00000,0.00000,0.00000,0.01855,0.00015,25288497
7220/11-1 (Alta),2018,8,0.04349,0.00000,0.00000,0.00000,0.04349,0.00050,25288497
7220/11-1 (Alta),2018,9,0.04389,0.00000,0.00000,0.00000,0.04389,0.00247,25288497
ALBUSKJELL,1979,5,0.00417,0.00768,0.00033,0.00000,0.01218,0.00000,43437
ALBUSKJELL,1979,6,0.01164,0.02090,0.00094,0.00000,0.03347,0.00000,43437
ALBUSKJELL,1979,7,0.03491,0.05398,0.00447,0.00000,0.09336,0.00000,43437
ALBUSKJELL,1979,8,0.09623,0.12506,0.01204,0.00000,0.23333,0.00000,43437
ALBUSKJELL,1979,9,0.11020,0.13332,0.01188,0.00000,0.25539,0.00000,43437
ALBUSKJELL,1979,10,0.07179,0.08431,0.00646,0.00000,0.16255,0.00000,43437
ALBUSKJELL,1979,11,0.11057,0.12184,0.01287,0.00000,0.24528,0.00000,43437
ALBUSKJELL,1979,12,0.09166,0.10488,0.01132,0.00000,0.20785,0.00000,43437
ALBUSKJELL,1980,1,0.12131,0.14177,0.01646,0.00000,0.27954,0.00000,43437
ALBUSKJELL,1980,2,0.12968,0.15358,0.01681,0.00000,0.30007,0.00000,43437
ALBUSKJELL,1980,3,0.13100,0.15502,0.01702,0.00000,0.30304,0.00000,43437
ALBUSKJELL,1980,4,0.11327,0.13325,0.01537,0.00000,0.26189,0.00000,43437
ALBUSKJELL,1980,5,0.13429,0.16084,0.01974,0.00000,0.31487,0.00000,43437
ALBUSKJELL,1980,6,0.13854,0.16505,0.02002,0.00000,0.32360,0.00000,43437
ALBUSKJELL,1980,7,0.05997,0.06468,0.00811,0.00000,0.13275,0.00000,43437
ALBUSKJELL,1980,8,0.13056,0.16244,0.01877,0.00000,0.31178,0.00000,43437
ALBUSKJELL,1980,9,0.13058,0.16541,0.02035,0.00000,0.31633,0.00000,43437
ALBUSKJELL,1980,10,0.11866,0.16598,0.01892,0.00000,0.30356,0.00000,43437
ALBUSKJELL,1980,11,0.11634,0.15267,0.01778,0.00000,0.28679,0.00000,43437
ALBUSKJELL,1980,12,0.11748,0.15841,0.01836,0.00000,0.29425,0.00000,43437
ALBUSKJELL,1981,1,0.11303,0.15620,0.01908,0.00000,0.28830,0.00000,43437
ALBUSKJELL,1981,2,0.11391,0.15360,0.01996,0.00000,0.28747,0.00000,43437
ALBUSKJELL,1981,3,0.14166,0.19655,0.02474,0.00000,0.36294,0.00000,43437
ALBUSKJELL,1981,4,0.12912,0.18744,0.02337,0.00000,0.33992,0.00000,43437
ALBUSKJELL,1981,5,0.13125,0.18946,0.02154,0.00000,0.34224,0.00000,43437
ALBUSKJELL,1981,6,0.12396,0.19603,0.02267,0.00000,0.34266,0.00000,43437
ALBUSKJELL,1981,7,0.13108,0.20879,0.02419,0.00000,0.36406,0.00000,43437
ALBUSKJELL,1981,8,0.05175,0.07775,0.00865,0.00000,0.13816,0.00000,43437
ALBUSKJELL,1981,9,0.13828,0.24212,0.02887,0.00000,0.40927,0.00000,43437
ALBUSKJELL,1981,10,0.11187,0.20626,0.02427,0.00000,0.34240,0.00000,43437
ALBUSKJELL,1981,11,0.11479,0.19884,0.02499,0.00000,0.33862,0.00000,43437
ALBUSKJELL,1981,12,0.12554,0.23553,0.02604,0.00000,0.38711,0.00000,43437
ALBUSKJELL,1982,1,0.12165,0.23545,0.02528,0.00000,0.38238,0.00000,43437
ALBUSKJELL,1982,2,0.10110,0.20019,0.02286,0.00000,0.32415,0.00000,43437
ALBUSKJELL,1982,3,0.10474,0.21311,0.02581,0.00000,0.34366,0.00000,43437
ALBUSKJELL,1982,4,0.09102,0.18239,0.02233,0.00000,0.29574,0.00000,43437
ALBUSKJELL,1982,5,0.07811,0.16252,0.01781,0.00000,0.25844,0.00000,43437
ALBUSKJELL,1982,6,0.08889,0.18104,0.02342,0.00000,0.29335,0.00000,43437
ALBUSKJELL,1982,7,0.07805,0.17080,0.02335,0.00000,0.27220,0.00000,43437
ALBUSKJELL,1982,8,0.06556,0.14011,0.01834,0.00000,0.22401,0.00000,43437
ALBUSKJELL,1982,9,0.05658,0.12743,0.01693,0.00000,0.20094,0.00000,43437
ALBUSKJELL,1982,10,0.04966,0.10987,0.01536,0.00000,0.17489,0.00000,43437
ALBUSKJELL,1982,11,0.05570,0.13395,0.01867,0.00000,0.20832,0.00000,43437
ALBUSKJELL,1982,12,0.06187,0.14132,0.02074,0.00000,0.22392,0.00000,43437
ALBUSKJELL,1983,1,0.06148,0.13659,0.01912,0.00000,0.21719,0.00000,43437
ALBUSKJELL,1983,2,0.06508,0.13805,0.01926,0.00000,0.22239,0.00000,43437
ALBUSKJELL,1983,3,0.06935,0.15722,0.02628,0.00000,0.25284,0.00000,43437
ALBUSKJELL,1983,4,0.06249,0.14400,0.02563,0.00000,0.23211,0.00000,43437
ALBUSKJELL,1983,5,0.05916,0.14380,0.02606,0.00000,0.22902,0.00000,43437
ALBUSKJELL,1983,6,0.06023,0.13972,0.02187,0.00000,0.22182,0.00000,43437
ALBUSKJELL,1983,7,0.06018,0.15074,0.02164,0.00000,0.23256,0.00000,43437
ALBUSKJELL,1983,8,0.05283,0.13080,0.01883,0.00000,0.20245,0.00000,43437
ALBUSKJELL,1983,9,0.05185,0.12629,0.01830,0.00000,0.19644,0.00000,43437
ALBUSKJELL,1983,10,0.05323,0.13505,0.01877,0.00000,0.20705,0.00000,43437
ALBUSKJELL,1983,11,0.05064,0.12589,0.01920,0.00000,0.19573,0.00000,43437
ALBUSKJELL,1983,12,0.05084,0.12641,0.01849,0.00000,0.19573,0.00000,43437
ALBUSKJELL,1984,1,0.04888,0.12787,0.01768,0.00000,0.19444,0.00000,43437
ALBUSKJELL,1984,2,0.04390,0.11249,0.01668,0.00000,0.17307,0.00000,43437
ALBUSKJELL,1984,3,0.04635,0.11778,0.01709,0.00000,0.18122,0.00000,43437
ALBUSKJELL,1984,4,0.04418,0.10783,0.01660,0.00000,0.16861,0.00000,43437
ALBUSKJELL,1984,5,0.04321,0.10620,0.01717,0.00000,0.16658,0.00000,43437
ALBUSKJELL,1984,6,0.03617,0.08903,0.01405,0.00000,0.13925,0.00000,43437
ALBUSKJELL,1984,7,0.03737,0.08866,0.01156,0.00000,0.13759,0.00000,43437
ALBUSKJELL,1984,8,0.02884,0.06933,0.00922,0.00000,0.10739,0.00000,43437
ALBUSKJELL,1984,9,0.03397,0.09569,0.01228,0.00000,0.14194,0.00000,43437
ALBUSKJELL,1984,10,0.03417,0.09369,0.01255,0.00000,0.14041,0.00000,43437
ALBUSKJELL,1984,11,0.03179,0.08682,0.01163,0.00000,0.13025,0.00000,43437
ALBUSKJELL,1984,12,0.03274,0.08809,0.01251,0.00000,0.13333,0.00000,43437
ALBUSKJELL,1985,1,0.03421,0.09542,0.01094,0.00000,0.14057,0.00000,43437
ALBUSKJELL,1985,2,0.03148,0.08278,0.01233,0.00000,0.12659,0.00000,43437
ALBUSKJELL,1985,3,0.03411,0.08952,0.01501,0.00000,0.13864,0.00000,43437
ALBUSKJELL,1985,4,0.03195,0.08770,0.01290,0.00000,0.13255,0.00000,43437
ALBUSKJELL,1985,5,0.03134,0.08880,0.01340,0.00000,0.13354,0.00000,43437
ALBUSKJELL,1985,6,0.02718,0.07762,0.01147,0.00000,0.11627,0.00000,43437
ALBUSKJELL,1985,7,0.02875,0.08667,0.01358,0.00000,0.12901,0.00000,43437
ALBUSKJELL,1985,8,0.02829,0.08390,0.01378,0.00000,0.12596,0.00000,43437
ALBUSKJELL,1985,9,0.02691,0.07857,0.01355,0.00000,0.11903,0.00000,43437
ALBUSKJELL,1985,10,0.02820,0.08801,0.01344,0.00000,0.12964,0.00000,43437
ALBUSKJELL,1985,11,0.02733,0.08333,0.01392,0.00000,0.12458,0.00000,43437
ALBUSKJELL,1985,12,0.02755,0.08389,0.01232,0.00000,0.12376,0.00000,43437
ALBUSKJELL,1986,1,0.02636,0.08096,0.01246,0.00000,0.11979,0.00000,43437
ALBUSKJELL,1986,2,0.02360,0.07132,0.01097,0.00000,0.10589,0.00000,43437
ALBUSKJELL,1986,3,0.02496,0.07911,0.01099,0.00000,0.11505,0.00000,43437
ALBUSKJELL,1986,4,0.01080,0.02562,0.00389,0.00000,0.04030,0.00000,43437
ALBUSKJELL,1986,5,0.02708,0.08215,0.01123,0.00000,0.12046,0.00000,43437
ALBUSKJELL,1986,6,0.02363,0.07879,0.01154,0.00000,0.11396,0.00000,43437
ALBUSKJELL,1986,7,0.02819,0.10231,0.01410,0.00000,0.14459,0.00000,43437
ALBUSKJELL,1986,8,0.02646,0.09335,0.01305,0.00000,0.13286,0.00000,43437
ALBUSKJELL,1986,9,0.02511,0.08593,0.01129,0.00000,0.12233,0.00000,43437
ALBUSKJELL,1986,10,0.02399,0.08775,0.00814,0.00000,0.11987,0.00000,43437
ALBUSKJELL,1986,11,0.02293,0.07961,0.01071,0.00000,0.11325,0.00000,43437
ALBUSKJELL,1986,12,0.02216,0.07861,0.01095,0.00000,0.11171,0.00000,43437
ALBUSKJELL,1987,1,0.02186,0.08076,0.01091,0.00000,0.11352,0.00000,43437
ALBUSKJELL,1987,2,0.01997,0.06918,0.00933,0.00000,0.09847,0.00000,43437
ALBUSKJELL,1987,3,0.02091,0.07480,0.00993,0.00000,0.10564,0.00000,43437
ALBUSKJELL,1987,4,0.01976,0.06784,0.00902,0.00000,0.09662,0.00000,43437
ALBUSKJELL,1987,5,0.01870,0.07323,0.01034,0.00000,0.10227,0.00000,43437
ALBUSKJELL,1987,6,0.01858,0.07026,0.01016,0.00000,0.09900,0.00000,43437
ALBUSKJELL,1987,7,0.01827,0.06807,0.00939,0.00000,0.09572,0.00000,43437
ALBUSKJELL,1987,8,0.00516,0.01959,0.00280,0.00000,0.02755,0.00000,43437
ALBUSKJELL,1987,9,0.01758,0.05929,0.00848,0.00000,0.08535,0.00000,43437
ALBUSKJELL,1987,10,0.02074,0.06740,0.00783,0.00000,0.09597,0.00000,43437
ALBUSKJELL,1987,11,0.01696,0.06021,0.00876,0.00000,0.08593,0.00000,43437
ALBUSKJELL,1987,12,0.01732,0.06762,0.00938,0.00000,0.09432,0.00000,43437
ALBUSKJELL,1988,1,0.01659,0.06258,0.00897,0.00000,0.08814,0.00000,43437
ALBUSKJELL,1988,2,0.01483,0.05805,0.00905,0.00000,0.08192,0.00000,43437
ALBUSKJELL,1988,3,0.01694,0.05732,0.00956,0.00000,0.08382,0.00000,43437
ALBUSKJELL,1988,4,0.01553,0.05616,0.00908,0.00000,0.08077,0.00000,43437
ALBUSKJELL,1988,5,0.01591,0.05715,0.00805,0.00000,0.08111,0.00000,43437
ALBUSKJELL,1988,6,0.01444,0.05517,0.00873,0.00000,0.07833,0.00000,43437
ALBUSKJELL,1988,7,0.01534,0.05070,0.00786,0.00000,0.07391,0.00000,43437
ALBUSKJELL,1988,8,0.01578,0.05414,0.00892,0.00000,0.07884,0.00000,43437
ALBUSKJELL,1988,9,0.01481,0.04954,0.00812,0.00000,0.07247,0.00000,43437
ALBUSKJELL,1988,10,0.01383,0.04202,0.00648,0.00000,0.06233,0.00000,43437
ALBUSKJELL,1988,11,0.01098,0.03468,0.00537,0.00000,0.05104,0.00000,43437
ALBUSKJELL,1988,12,0.01059,0.03550,0.00573,0.00000,0.05182,0.00000,43437
ALBUSKJELL,1989,1,0.00948,0.03529,0.00495,0.00000,0.04971,0.00000,43437
ALBUSKJELL,1989,2,0.00846,0.02956,0.00473,0.00000,0.04275,0.00000,43437
ALBUSKJELL,1989,3,0.00881,0.03141,0.00464,0.00000,0.04487,0.00000,43437
ALBUSKJELL,1989,4,0.01208,0.03463,0.00535,0.00000,0.05206,0.00000,43437
ALBUSKJELL,1989,5,0.01447,0.04349,0.00640,0.00000,0.06436,0.00000,43437
ALBUSKJELL,1989,6,0.01384,0.04083,0.00581,0.00000,0.06049,0.00000,43437
ALBUSKJELL,1989,7,0.01339,0.04144,0.00583,0.00000,0.06066,0.00000,43437
ALBUSKJELL,1989,8,0.01327,0.04124,0.00590,0.00000,0.06041,0.00000,43437
ALBUSKJELL,1989,9,0.01223,0.04034,0.00606,0.00000,0.05862,0.00000,43437
ALBUSKJELL,1989,10,0.01204,0.04085,0.00628,0.00000,0.05917,0.00000,43437
ALBUSKJELL,1989,11,0.01184,0.03733,0.00539,0.00000,0.05457,0.00000,43437
ALBUSKJELL,1989,12,0.01159,0.03971,0.00567,0.00000,0.05697,0.00000,43437
ALBUSKJELL,1990,1,0.01216,0.03863,0.00550,0.00000,0.05630,0.00000,43437
ALBUSKJELL,1990,2,0.01009,0.03447,0.00508,0.00000,0.04964,0.00000,43437
ALBUSKJELL,1990,3,0.01058,0.03198,0.00480,0.00000,0.04736,0.00000,43437
ALBUSKJELL,1990,4,0.01078,0.03414,0.00488,0.00000,0.04980,0.00000,43437
ALBUSKJELL,1990,5,0.00864,0.02684,0.00348,0.00000,0.03896,0.00000,43437
ALBUSKJELL,1990,6,0.00740,0.02128,0.00301,0.00000,0.03169,0.00000,43437
ALBUSKJELL,1990,7,0.00791,0.02344,0.00293,0.00000,0.03427,0.00000,43437
ALBUSKJELL,1990,8,0.00851,0.02472,0.00352,0.00000,0.03674,0.00000,43437
ALBUSKJELL,1990,9,0.00782,0.02252,0.00299,0.00000,0.03334,0.00000,43437
ALBUSKJELL,1990,10,0.00811,0.02674,0.00336,0.00000,0.03820,0.00000,43437
ALBUSKJELL,1990,11,0.00837,0.02654,0.00305,0.00000,0.03796,0.00000,43437
ALBUSKJELL,1990,12,0.00858,0.02727,0.00325,0.00000,0.03910,0.00000,43437
ALBUSKJELL,1991,1,0.00834,0.02651,0.00318,0.00000,0.03803,0.00000,43437
ALBUSKJELL,1991,2,0.00728,0.02311,0.00267,0.00000,0.03306,0.00000,43437
ALBUSKJELL,1991,3,0.00790,0.02602,0.00312,0.00000,0.03705,0.00000,43437
ALBUSKJELL,1991,4,0.00761,0.02492,0.00300,0.00000,0.03553,0.00000,43437
ALBUSKJELL,1991,5,0.00800,0.02424,0.00296,0.00000,0.03520,0.00000,43437
ALBUSKJELL,1991,6,0.00823,0.02346,0.00280,0.00000,0.03448,0.00000,43437
ALBUSKJELL,1991,7,0.00778,0.02279,0.00239,0.00000,0.03297,0.00000,43437
ALBUSKJELL,1991,8,0.00386,0.00478,0.00038,0.00000,0.00901,0.00000,43437
ALBUSKJELL,1991,9,0.00801,0.02579,0.00312,0.00000,0.03691,0.00000,43437
ALBUSKJELL,1991,10,0.00848,0.02501,0.00290,0.00000,0.03639,0.00000,43437
ALBUSKJELL,1991,11,0.00740,0.02203,0.00233,0.00000,0.03176,0.00000,43437
ALBUSKJELL,1991,12,0.00796,0.02253,0.00255,0.00000,0.03303,0.00000,43437
ALBUSKJELL,1992,1,0.00763,0.02317,0.00244,0.00000,0.03325,0.00000,43437
ALBUSKJELL,1992,2,0.00674,0.02151,0.00213,0.00000,0.03037,0.00000,43437
ALBUSKJELL,1992,3,0.00603,0.01774,0.00181,0.00000,0.02558,0.00000,43437
ALBUSKJELL,1992,4,0.00827,0.02461,0.00265,0.00000,0.03553,0.00000,43437
ALBUSKJELL,1992,5,0.00549,0.01970,0.00190,0.00000,0.02709,0.00000,43437
ALBUSKJELL,1992,6,0.00733,0.02006,0.00221,0.00000,0.02960,0.00000,43437
ALBUSKJELL,1992,7,0.00763,0.02250,0.00228,0.00000,0.03241,0.00000,43437
ALBUSKJELL,1992,8,0.00773,0.02181,0.00235,0.00000,0.03189,0.00000,43437
ALBUSKJELL,1992,9,0.00694,0.02115,0.00227,0.00000,0.03036,0.00000,43437
ALBUSKJELL,1992,10,0.00722,0.02223,0.00166,0.00000,0.03111,0.00000,43437
ALBUSKJELL,1992,11,0.00685,0.02083,0.00191,0.00000,0.02960,0.00000,43437
ALBUSKJELL,1992,12,0.00894,0.03078,0.00318,0.00000,0.04289,0.00000,43437
ALBUSKJELL,1993,1,0.00833,0.02890,0.00295,0.00000,0.04017,0.00000,43437
ALBUSKJELL,1993,2,0.00785,0.02485,0.00257,0.00000,0.03527,0.00000,43437
ALBUSKJELL,1993,3,0.00827,0.02571,0.00263,0.00000,0.03661,0.00000,43437
ALBUSKJELL,1993,4,0.00831,0.02732,0.00284,0.00000,0.03847,0.00000,43437
ALBUSKJELL,1993,5,0.00838,0.02648,0.00281,0.00000,0.03767,0.00000,43437
ALBUSKJELL,1993,6,0.00795,0.02536,0.00275,0.00000,0.03607,0.00000,43437
ALBUSKJELL,1993,7,0.00812,0.02610,0.00280,0.00000,0.03703,0.00000,43437
ALBUSKJELL,1993,8,0.00819,0.02631,0.00279,0.00000,0.03729,0.00000,43437
ALBUSKJELL,1993,9,0.00799,0.02401,0.00262,0.00000,0.03462,0.00000,43437
ALBUSKJELL,1993,10,0.00756,0.02504,0.00261,0.00000,0.03520,0.00000,43437
ALBUSKJELL,1993,11,0.00743,0.02401,0.00261,0.00000,0.03404,0.00000,43437
ALBUSKJELL,1993,12,0.00771,0.02462,0.00262,0.00000,0.03495,0.00000,43437
ALBUSKJELL,1994,1,0.00741,0.02423,0.00268,0.00000,0.03432,0.00000,43437
ALBUSKJELL,1994,2,0.00678,0.02193,0.00248,0.00000,0.03119,0.00000,43437
ALBUSKJELL,1994,3,0.00712,0.02369,0.00265,0.00000,0.03346,0.00000,43437
ALBUSKJELL,1994,4,0.00707,0.02262,0.00246,0.00000,0.03214,0.00000,43437
ALBUSKJELL,1994,5,0.00704,0.02367,0.00247,0.00000,0.03317,0.00000,43437
ALBUSKJELL,1994,6,0.00674,0.02116,0.00225,0.00000,0.03015,0.00000,43437
ALBUSKJELL,1994,7,0.00687,0.02163,0.00195,0.00000,0.03045,0.00000,43437
ALBUSKJELL,1994,8,0.00542,0.01594,0.00141,0.00000,0.02276,0.00000,43437
ALBUSKJELL,1994,9,0.00641,0.02265,0.00228,0.00000,0.03134,0.00000,43437
ALBUSKJELL,1994,10,0.00645,0.02308,0.00236,0.00000,0.03190,0.00000,43437
ALBUSKJELL,1994,11,0.00713,0.02144,0.00237,0.00000,0.03094,0.00000,43437
ALBUSKJELL,1994,12,0.00658,0.02180,0.00232,0.00000,0.03070,0.00000,43437
ALBUSKJELL,1995,1,0.00655,0.02049,0.00229,0.00000,0.02933,0.00000,43437
ALBUSKJELL,1995,2,0.00597,0.01908,0.00213,0.00000,0.02717,0.00000,43437
ALBUSKJELL,1995,3,0.00649,0.02089,0.00230,0.00000,0.02968,0.00000,43437
ALBUSKJELL,1995,4,0.00623,0.01991,0.00221,0.00000,0.02836,0.00000,43437
ALBUSKJELL,1995,5,0.00630,0.01970,0.00222,0.00000,0.02822,0.00000,43437
ALBUSKJELL,1995,6,0.00596,0.01758,0.00186,0.00000,0.02540,0.00000,43437
ALBUSKJELL,1995,7,0.00602,0.01849,0.00198,0.00000,0.02649,0.00000,43437
ALBUSKJELL,1995,8,0.00663,0.02124,0.00219,0.00000,0.03006,0.00000,43437
ALBUSKJELL,1995,9,0.00609,0.01939,0.00202,0.00000,0.02750,0.00000,43437
ALBUSKJELL,1995,10,0.00660,0.02021,0.00137,0.00000,0.02818,0.00000,43437
ALBUSKJELL,1995,11,0.00597,0.01942,0.00176,0.00000,0.02715,0.00000,43437
ALBUSKJELL,1995,12,0.00508,0.01979,0.00215,0.00000,0.02702,0.00000,43437
ALBUSKJELL,1996,1,0.00471,0.01915,0.00209,0.00000,0.02594,0.00000,43437
ALBUSKJELL,1996,2,0.00461,0.01714,0.00157,0.00000,0.02332,0.00000,43437
ALBUSKJELL,1996,3,0.00467,0.01980,0.00187,0.00000,0.02633,0.00000,43437
ALBUSKJELL,1996,4,0.00435,0.01937,0.00192,0.00000,0.02564,0.00000,43437
ALBUSKJELL,1996,5,0.00433,0.01986,0.00163,0.00000,0.02582,0.00000,43437
ALBUSKJELL,1996,6,0.00394,0.01701,0.00145,0.00000,0.02240,0.00000,43437
ALBUSKJELL,1996,7,0.00487,0.01834,0.00180,0.00000,0.02501,0.00000,43437
ALBUSKJELL,1996,8,0.00474,0.01888,0.00193,0.00000,0.02555,0.00000,43437
ALBUSKJELL,1996,9,0.00499,0.01791,0.00184,0.00000,0.02474,0.00000,43437
ALBUSKJELL,1996,10,0.00471,0.01786,0.00180,0.00000,0.02437,0.00000,43437
ALBUSKJELL,1996,11,0.00428,0.01558,0.00156,0.00000,0.02142,0.00000,43437
ALBUSKJELL,1996,12,0.00416,0.01668,0.00159,0.00000,0.02243,0.00000,43437
ALBUSKJELL,1997,1,0.00334,0.01180,0.00124,0.00000,0.01638,0.00000,43437
ALBUSKJELL,1997,2,0.00366,0.01370,0.00146,0.00000,0.01882,0.00000,43437
ALBUSKJELL,1997,3,0.00414,0.01713,0.00169,0.00000,0.02296,0.00000,43437
ALBUSKJELL,1997,4,0.00393,0.01559,0.00164,0.00000,0.02117,0.00000,43437
ALBUSKJELL,1997,5,0.00367,0.01589,0.00156,0.00000,0.02111,0.00000,43437
ALBUSKJELL,1997,6,0.00335,0.01598,0.00148,0.00000,0.02081,0.00000,43437
ALBUSKJELL,1997,7,0.00358,0.01550,0.00154,0.00000,0.02062,0.00000,43437
ALBUSKJELL,1997,8,0.00420,0.01879,0.00200,0.00000,0.02498,0.00000,43437
ALBUSKJELL,1997,9,0.00510,0.01678,0.00180,0.00000,0.02368,0.00000,43437
ALBUSKJELL,1997,10,0.00361,0.01770,0.00190,0.00000,0.02321,0.00000,43437
ALBUSKJELL,1997,11,0.00354,0.01618,0.00185,0.00000,0.02156,0.00000,43437
ALBUSKJELL,1997,12,0.00403,0.01667,0.00189,0.00000,0.02259,0.00000,43437
ALBUSKJELL,1998,1,0.00398,0.01650,0.00199,0.00000,0.02246,0.00000,43437
ALBUSKJELL,1998,2,0.00393,0.01457,0.00152,0.00000,0.02002,0.00000,43437
ALBUSKJELL,1998,3,0.00446,0.01548,0.00159,0.00000,0.02152,0.00000,43437
ALBUSKJELL,1998,4,0.00429,0.01416,0.00171,0.00000,0.02017,0.00000,43437
ALBUSKJELL,1998,5,0.00443,0.01437,0.00157,0.00000,0.02037,0.00000,43437
ALBUSKJELL,1998,6,0.00427,0.01487,0.00167,0.00000,0.02081,0.00000,43437
ALBUSKJELL,1998,7,0.00419,0.01569,0.00155,0.00000,0.02143,0.00000,43437
ALVE,2009,1,0.00000,0.00000,0.00000,0.00000,0.00000,0.00000,4444332
ALVE,2009,2,0.00000,0.00000,0.00000,0.00000,0.00000,0.00000,4444332
ALVE,2009,3,0.01051,0.03580,0.01265,0.00000,0.05896,0.00018,4444332
ALVE,2009,4,0.02998,0.10273,0.03679,0.00000,0.16950,0.00058,4444332
ALVE,2009,5,0.03052,0.10547,0.03807,0.00000,0.17406,0.00046,4444332
ALVE,2009,6,0.03064,0.10628,0.03774,0.00000,0.17466,0.00092,4444332

