,WellName,unique_core_descriptions.csv,unique_core_photos.csv,unique_discovery.csv,unique_GEOLINK.csv,unique_Norwegian_shows_v2.csv,unique_public_core_images_excel_recording.csv,unique_RealLogs_Por_Perm.csv,unique_RealLogs_completion.csv,unique_stratigraphic_picks.csv,Occurances
0,34_10_4,0,0,0,0,0,0,1,0,1,4
1,2_5_3,0,0,1,0,0,0,1,0,0,4
2,6605_8_1,0,0,0,0,0,0,1,0,0,2
3,34_10_38,0,0,0,0,0,0,0,0,1,2
4,30_9_28,0,0,1,0,0,0,1,0,1,6
5,6406_3_2,1,1,1,0,0,1,1,1,0,12
6,7_7_1,0,0,0,0,1,0,1,0,1,6
7,34_10_C10,0,0,0,0,0,0,1,0,0,2
8,34_7_19,0,0,0,0,0,0,0,0,1,2
9,1_3_12,0,0,0,0,0,0,1,0,0,2
10,6507_7_A_27,0,0,0,0,0,0,1,0,0,2
11,33_9_10,0,0,0,0,0,0,1,0,1,4
12,15_6_1,0,0,0,0,0,0,0,0,1,2
13,34_10_8,0,0,0,0,0,0,1,0,1,4
14,6403_6_1,0,0,0,0,0,0,1,0,0,2
15,25_11_21S,0,0,0,0,0,0,1,0,0,2
16,2_1_A_07,0,0,0,0,0,0,1,0,0,2
17,2_4_2,0,0,1,0,0,0,0,0,0,2
18,6507_11_9,0,0,1,0,0,0,1,0,0,4
19,30_2_4,0,0,0,0,0,0,0,0,1,2
20,34_10_C_50,0,0,0,0,0,0,1,0,0,2
21,34_10_C_4,0,0,0,0,0,0,1,0,0,2
22,16_7_5,0,0,0,1,1,0,1,0,1,8
23,7224_6_1,0,0,1,0,0,0,1,0,0,4
24,25_08_05_S,0,0,0,0,1,0,0,0,0,2
25,30_4_2,0,0,0,1,0,0,1,0,1,6
26,16_5_4,0,0,0,0,0,0,1,0,1,4
27,30_6_C7,0,0,0,0,0,0,1,0,0,2
28,8_10_4,0,0,1,0,0,0,1,0,1,6
29,6507_7_A17,0,0,0,0,0,0,1,0,0,2
30,25_11_11,0,0,0,0,0,0,0,0,1,2
31,7220_11_2,0,0,0,0,0,0,1,0,0,2
32,34_10_1,0,0,1,0,1,0,0,0,1,6
33,6406_1_1,0,0,1,0,0,0,1,0,0,4
34,25_2_10,0,0,1,0,0,0,0,0,1,4
35,2_1_A_4,0,0,0,0,0,0,1,0,0,2
36,6506_12_9,0,0,0,0,1,0,0,0,0,2
37,30_6_13,0,0,0,0,0,0,1,0,1,4
38,35_12_2,0,0,1,0,0,0,1,0,1,6
39,6407_9_A_2,0,0,0,0,1,0,1,0,0,4
40,15_6_6,0,0,0,0,0,0,1,0,1,4
41,6506_12_R_4,0,0,0,0,0,0,1,0,0,2
42,16_1_7,0,0,1,0,0,0,0,0,1,4
43,7219_9_2,0,0,1,0,0,0,0,0,0,2
44,33_12_10,0,0,0,0,0,0,1,0,1,4
45,30_6_12,0,0,0,0,0,0,0,0,1,2
46,34_7_C_5,0,0,0,0,0,0,1,0,0,2
47,7_12_A_18,0,0,0,0,0,0,1,0,0,2
48,7120_8_2,0,0,0,0,0,0,1,0,0,2
49,15_6_5,0,0,0,0,1,0,0,0,1,4
50,25_2_4,0,0,1,0,1,0,0,0,1,6
51,35_9_3_T2,0,0,0,0,0,0,1,0,0,2
52,2_2_1,0,0,1,0,0,0,0,0,0,2
53,15_9_7,0,0,0,1,1,0,1,0,1,8
54,6608_10_6,0,0,1,0,0,0,1,0,0,4
55,25_8_8,0,0,1,0,1,0,0,0,1,6
56,6507_8_3,0,0,0,0,1,0,1,0,0,4
57,30_3_A_20A,0,0,0,0,0,0,1,0,0,2
58,30_9_B18,0,0,0,0,0,0,1,0,0,2
59,34_10_7,0,0,0,1,0,0,1,0,1,6
60,15_12_19,0,0,1,0,0,0,1,0,1,6
61,2_8_15_T2,0,0,0,0,0,0,1,0,0,2
62,34_10_11,0,0,0,0,0,0,0,0,1,2
63,7317_9_1,0,0,0,0,0,0,1,0,0,2
64,6707_10_3,0,0,1,0,0,0,1,0,0,4
65,25_10_7,0,0,0,0,0,0,0,0,1,2
66,15_9_21S,0,0,0,0,0,0,1,0,0,2
67,25_7_1,0,0,0,0,0,0,0,0,1,2
68,6506_11_10,0,0,1,0,0,0,0,0,0,2
69,6407_7_5,0,0,0,0,1,0,0,0,0,2
70,24_9_6,0,0,0,0,1,0,1,0,1,6
71,30_9_B03,0,0,0,0,0,0,1,0,0,2
72,34_7_17,0,0,0,0,0,0,0,0,1,2
73,6204_10_1,0,0,0,0,0,0,1,0,1,4
74,2_7_13,0,0,0,0,0,0,1,0,0,2
75,9_2_A_4,0,0,0,0,0,0,1,0,0,2
76,25_10_8,0,0,1,1,1,0,1,0,1,10
77,1_9_5,0,0,0,0,0,0,1,0,0,2
78,34_10_20,0,0,0,0,0,0,0,0,1,2
79,7_12_3_A,0,0,0,0,0,0,1,0,0,2
80,16_1_25,0,0,0,0,0,0,1,0,1,4
81,34_7_H_2,0,0,1,0,0,0,1,0,0,4
82,7121_8_1,0,0,1,0,0,0,1,0,0,4
83,6_3_1,0,0,1,1,0,0,1,0,1,8
84,7_8_6,0,0,0,0,0,0,0,0,1,2
85,30_11_2,0,0,0,0,0,0,0,0,1,2
86,16_4_9,0,0,0,0,0,0,1,0,1,4
87,25_6_4,0,0,0,0,0,0,0,0,1,2
88,34_10_14,0,0,0,0,0,0,1,0,1,4
89,7226_2_1,0,0,1,0,0,0,1,0,0,4
90,15_12_24,0,0,0,0,0,0,0,0,1,2
91,6406_2_4SR,0,0,0,0,0,0,1,0,0,2
92,31_5_6,0,0,0,1,0,0,0,0,1,4
93,33_12_3,0,0,0,0,0,0,0,0,1,2
94,34_7_30_SR,0,0,0,0,0,0,1,0,0,2
95,7_7_4,0,0,0,0,0,0,0,0,1,2
96,35_3_5,0,0,0,1,1,0,1,0,1,8
97,25_4_7,0,0,1,0,0,0,1,0,1,6
98,25_8_6,0,0,0,0,1,0,1,0,1,6
99,6506_12_K_1,0,0,0,0,0,0,1,0,0,2
100,16_11_1,0,0,0,1,0,0,0,0,1,4
101,7121_4_G_4,0,0,0,0,0,0,1,0,0,2
102,6507_7_15,0,0,1,0,0,0,0,0,0,2
103,25_8_11,0,0,1,0,0,0,1,0,1,6
104,6407_5_1,0,0,0,0,0,0,1,0,0,2
105,6507_6_2,0,0,0,0,1,0,0,0,0,2
106,2_8_18,0,0,0,0,0,0,1,0,0,2
107,25_10_9,0,0,0,1,0,0,0,0,1,4
108,34_10_C_13,0,0,0,0,0,0,1,0,0,2
109,3_4_1,0,0,0,0,0,0,1,0,0,2
110,34_10_A37,0,0,0,0,0,0,1,0,0,2
111,25_11_15,0,0,1,1,1,0,0,0,1,8
112,9_1_1,0,0,0,0,0,0,0,0,1,2
113,6507_3_L_2_H,0,0,0,0,0,0,1,0,0,2
114,9_2_4_S,0,0,0,0,1,0,0,0,0,2
115,6707_10_2A,0,0,0,0,0,0,1,0,0,2
116,35_11_4,0,0,1,0,0,0,1,0,1,6
117,30_6_C_8,0,0,0,0,0,0,1,0,0,2
118,8_3_2,0,0,0,0,0,0,1,0,1,4
119,7_12_12,0,0,0,0,0,0,0,0,1,2
120,34_10_C_2,0,0,0,0,0,0,1,0,0,2
121,7324_6_1,0,0,1,0,0,0,0,0,0,2
122,31_2_P_41,0,0,0,0,0,0,1,0,0,2
123,34_2_2,0,0,0,1,1,0,0,0,1,6
124,34_4_4,0,0,0,0,0,0,0,0,1,2
125,7321_8_1,0,0,0,0,0,0,1,0,0,2
126,7_4_1,0,0,0,0,1,0,1,0,1,6
127,16_2_16,0,0,0,1,0,0,1,0,1,6
128,7122_07_03,0,0,1,0,0,0,0,0,0,2
129,6407_2_3,1,1,0,0,1,1,0,1,0,10
130,30_3_A8,0,0,0,0,0,0,1,0,0,2
131,15_9_24,0,0,0,0,0,0,0,0,1,2
132,30_9_24,0,0,0,0,0,0,0,0,1,2
133,30_3_A3,0,0,0,0,0,0,1,0,0,2
134,33_12_B_16A,0,0,0,0,0,0,1,0,0,2
135,25_11_27,0,0,1,0,0,0,1,0,1,6
136,6507_3_3,0,0,1,0,0,0,1,0,0,4
137,7120_1_4,0,0,0,0,0,0,1,0,0,2
138,34_7_P_31,0,0,0,0,0,0,1,0,0,2
139,6506_12_3,1,1,1,0,1,1,1,1,0,14
140,2_7_26_S,0,0,0,0,0,0,1,0,0,2
141,35_9_14,0,0,1,0,0,0,0,0,0,2
142,2_4_K_09,0,0,0,0,0,0,1,0,0,2
143,7220_7_1,0,0,1,0,0,0,1,0,0,4
144,29_6_1,0,0,1,1,0,0,1,0,1,8
145,35_11_18,0,0,1,0,0,0,1,0,1,6
146,30_9_B13S,0,0,0,0,0,0,1,0,0,2
147,16_1_23,0,0,0,0,0,0,1,0,1,4
148,7_12_A07,0,0,0,0,0,0,1,0,0,2
149,7121_7_N_3,0,0,0,0,0,0,1,0,0,2
150,6407_7_3,1,0,0,0,1,0,1,0,0,6
151,34_8_13,0,0,0,0,0,0,1,0,1,4
152,25_5_A4,0,0,0,0,0,0,1,0,0,2
153,35_3_6,0,0,0,0,0,0,0,0,1,2
154,16_7_4,0,0,1,1,1,0,1,0,1,10
155,6407_12_2,0,0,0,0,0,0,1,0,0,2
156,2_7_4,0,0,1,0,0,0,0,0,0,2
157,7_12_9,0,0,0,0,0,0,1,0,1,4
158,25_8_8_A,0,0,0,0,0,0,1,0,0,2
159,34_10_A_33,0,0,0,0,0,0,1,0,0,2
160,31_2_M_42,0,0,0,0,0,0,1,0,0,2
161,6406_12_2,0,0,0,0,1,0,1,0,0,4
162,30_3_5,0,0,0,1,0,0,0,0,1,4
163,30_9_F_6,0,0,0,0,0,0,1,0,0,2
164,6507_12_2,0,0,0,0,1,0,1,0,0,4
165,7325_4_1,0,0,1,0,0,0,0,0,0,2
166,30_9_3A,0,0,0,0,0,0,1,0,0,2
167,30_11_8,0,0,1,0,0,0,1,0,1,6
168,6407_7_2,1,1,0,0,1,1,1,1,0,12
169,24_12_1,0,0,0,0,1,0,0,0,1,4
170,6507_7_A_22,0,0,0,0,0,0,1,0,0,2
171,7324_8_1,0,0,1,0,0,0,1,0,0,4
172,1_3_9_ST2,0,0,0,0,0,0,1,0,0,2
173,7222_11_1,0,0,1,0,0,0,1,0,0,4
174,6607_12_3,0,0,0,0,0,0,1,0,0,2
175,7125_4_1,0,0,1,0,0,0,1,0,0,4
176,2_7_5,0,0,0,0,0,0,1,0,0,2
177,9_8_1,0,0,0,0,0,0,0,0,1,2
178,1_5_2,0,0,1,0,0,0,0,0,0,2
179,6506_11_9,0,0,0,0,0,0,1,0,0,2
180,33_12_9,0,0,1,0,0,0,0,0,1,4
181,25_8_13,0,0,0,0,0,0,0,0,1,2
182,25_1_8,0,0,0,0,0,0,0,0,1,2
183,25_10_4,0,0,0,1,0,0,0,0,1,4
184,6506_12_L_2,0,0,0,0,0,0,1,0,0,2
185,35_8_2,0,0,1,1,1,0,1,0,1,10
186,9_4_1,0,0,0,0,0,0,0,0,1,2
187,30_6_24,0,0,0,0,0,0,0,0,1,2
188,6204_10_2,0,0,0,0,0,0,0,0,1,2
189,31_6_3,0,0,0,0,0,0,0,0,1,2
190,30_11_14,0,0,1,0,0,0,1,0,0,4
191,2_7_27_S,0,0,0,0,0,0,1,0,0,2
192,30_2_1,0,0,1,1,0,0,1,0,1,8
193,16_7_1,0,0,0,1,0,0,0,0,1,4
194,34_7_6,0,0,0,0,0,0,1,0,1,4
195,31_2_3_31_2_2_R,0,0,0,0,0,0,1,0,0,2
196,36_1_1,0,0,0,0,0,0,0,0,1,2
197,7_11_7,0,0,0,0,0,0,1,0,1,4
198,6610_2_1,0,0,0,0,1,0,0,0,0,2
199,16_4_4,0,0,1,0,0,0,1,0,1,6
200,31_2_3,0,0,0,1,0,0,1,0,1,6
201,30_9_F_26,0,0,0,0,0,0,1,0,0,2
202,30_9_3,0,0,1,0,0,0,0,0,1,4
203,1_2_2,0,0,0,0,0,0,1,0,0,2
204,30_6_11,0,0,0,1,0,0,0,0,1,4
205,6407_10_3,0,0,0,0,1,0,1,0,0,4
206,31_4_8,0,0,0,1,0,0,1,0,1,6
207,16_7_11,0,0,0,0,0,0,0,0,1,2
208,6507_5_6,0,0,0,0,0,0,1,0,0,2
209,24_12_5,0,0,0,0,0,0,0,0,1,2
210,33_9_M_4H,0,0,0,0,0,0,1,0,0,2
211,6305_5_1,0,0,1,0,1,0,1,0,0,6
212,31_2_2,0,0,0,1,0,0,1,0,1,6
213,6506_11_3,0,0,0,0,1,0,1,0,0,4
214,7120_1_2,0,0,0,0,0,0,1,0,0,2
215,15_6_3,0,0,1,0,1,0,0,0,1,6
216,7120_7_2,0,0,1,0,0,0,1,0,0,4
217,2_5_5,0,0,0,0,0,0,1,0,0,2
218,34_7_I_1_H,0,0,0,0,0,0,1,0,0,2
219,18_10_1,0,0,1,0,0,0,1,0,1,6
220,2011_02_01,0,0,1,0,0,0,0,0,0,2
221,6306_3_2,0,0,0,0,0,0,1,0,0,2
222,9_4_3,0,0,0,0,0,0,0,0,1,2
223,6610_7_1,0,0,0,0,1,0,1,0,0,4
224,15_9_A_21,0,0,0,0,0,0,1,0,0,2
225,34_7_P_42,0,0,0,0,0,0,1,0,0,2
226,1_3_5,0,0,0,0,0,0,1,0,0,2
227,30_3_A_17,0,0,0,0,0,0,1,0,0,2
228,16_7_10,0,0,1,0,0,0,0,0,1,4
229,6406_12_3,0,0,1,0,0,0,0,0,0,2
230,6204_11_01,0,0,1,0,1,0,0,0,0,4
231,15_12_6,0,0,0,0,0,0,0,0,1,2
232,6706_6_1,0,0,1,0,0,0,1,0,0,4
233,6506_7_4,0,1,0,0,0,0,0,0,0,2
234,25_9_4,0,0,0,0,0,0,0,0,1,2
235,6507_12_1,0,0,0,0,1,0,1,0,0,4
236,6609_11_1,1,0,0,0,1,0,1,0,0,6
237,6608_10_E_2_BH,0,0,0,0,0,0,1,0,0,2
238,25_5_4,0,0,1,1,1,0,1,0,1,10
239,6305_12_1,0,0,0,0,0,0,1,0,0,2
240,31_2_9,0,0,0,1,0,0,1,0,1,6
241,2003_09_02,0,0,1,0,0,0,0,0,0,2
242,6506_12_10,0,0,0,0,1,0,1,0,0,4
243,6507_7_13A,0,0,0,0,0,0,1,0,0,2
244,33_9_21,0,0,0,0,0,0,0,0,1,2
245,31_3_4,0,0,0,1,0,0,1,0,1,6
246,31_4_A_7,0,0,0,0,0,0,1,0,0,2
247,15_3_3,0,0,0,0,1,0,1,0,1,6
248,34_10_A25A,0,0,0,0,0,0,1,0,0,2
249,25_6_2,0,0,0,1,0,0,0,0,1,4
250,16_1_21,0,0,0,0,0,0,0,0,1,2
251,6707_10_1,0,0,1,0,0,0,1,0,0,4
252,34_10_47,0,0,1,0,0,0,0,0,1,4
253,16_2_1,0,0,0,0,0,0,1,0,1,4
254,2022_02_07,0,0,1,0,0,0,0,0,0,2
255,16_1_22,0,0,0,0,0,0,0,0,1,2
256,15_3_9,0,0,1,0,0,0,1,0,1,6
257,15_9_6,0,0,0,0,1,0,1,0,1,6
258,34_10_17,0,0,1,1,0,0,0,0,1,6
259,35_11_1,0,0,0,1,0,0,1,0,1,6
260,6507_3_4,0,0,0,0,0,0,1,0,0,2
261,25_4_5,0,0,0,1,1,0,0,0,1,6
262,2_4_23,0,0,1,0,0,0,0,0,0,2
263,6507_7_C_3,0,0,0,0,0,0,1,0,0,2
264,30_3_A12,0,0,0,0,0,0,1,0,0,2
265,34_7_25,0,0,1,0,1,0,0,0,1,6
266,31_5_2,0,0,0,1,0,0,0,0,1,4
267,6608_10_8,0,0,1,0,0,0,1,0,0,4
268,2_11_4,0,0,0,0,0,0,1,0,0,2
269,30_11_6,0,0,0,0,0,0,1,0,1,4
270,34_7_10,0,0,0,0,0,0,1,0,1,4
271,6608_10_C_4_H,0,0,0,0,0,0,1,0,0,2
272,35_11_11,0,0,0,1,1,0,1,0,1,8
273,2_11_A_1_B,0,0,0,0,0,0,1,0,0,2
274,34_11_A_3,0,0,0,0,0,0,1,0,0,2
275,6507_7_B_3_H,0,0,0,0,0,0,1,0,0,2
276,34_10_32,0,0,0,0,0,0,1,0,1,4
277,33_9_L_4H,0,0,0,0,0,0,1,0,0,2
278,6406_6_1,1,0,0,0,1,0,1,0,0,6
279,30_6_17,0,0,1,0,0,0,1,0,1,6
280,6608_8_1,0,0,0,0,1,0,1,0,0,4
281,7_12_A_3,0,0,0,0,0,0,1,0,0,2
282,30_6_21,0,0,0,0,0,0,1,0,1,4
283,6406_12_3_A,0,0,0,0,0,0,1,0,0,2
284,6407_6_7,0,0,1,0,0,0,1,0,0,4
285,25_11_23,0,0,0,1,0,0,1,0,1,6
286,35_3_3,0,0,0,0,0,0,0,0,1,2
287,6506_11_5S,0,0,0,0,0,0,1,0,0,2
288,34_8_12,0,0,1,0,0,0,0,0,1,4
289,35_11_13,0,0,1,1,0,0,1,0,1,8
290,16_10_3,0,0,0,1,1,0,0,0,1,6
291,34_7_1,0,0,0,0,0,0,1,0,1,4
292,31_3_2,0,0,0,1,0,0,1,0,1,6
293,16_2_U_18,0,0,0,0,0,0,1,0,0,2
294,35_9_11A,0,0,0,0,0,0,1,0,0,2
295,16_2_17,0,0,0,0,0,0,1,0,1,4
296,34_7_29,0,0,0,0,0,0,1,0,1,4
297,7321_9_1,0,0,0,0,0,0,1,0,0,2
298,34_8_14,0,0,1,0,0,0,0,0,1,4
299,15_5_1,0,0,1,0,0,0,1,0,1,6
300,6406_2_6,0,0,1,0,0,0,1,0,0,4
301,30_7_1,0,0,0,0,0,0,0,0,1,2
302,30_9_B29,0,0,0,0,0,0,1,0,0,2
303,31_2_11,0,0,0,0,0,0,1,0,1,4
304,25_2_5,0,0,1,1,1,0,0,0,1,8
305,35_11_14,0,0,0,0,0,0,1,0,1,4
306,6407_2_Z_3,0,0,0,0,0,0,1,0,0,2
307,2_6_5,0,0,0,0,1,0,1,0,0,4
308,2_4_17,0,0,1,0,1,0,1,0,0,6
309,34_8_15,0,0,0,0,0,0,0,0,1,2
310,1_3_3,0,0,1,0,0,0,1,0,0,4
311,34_4_2,0,0,0,1,0,0,0,0,1,4
312,15_12_16,0,0,0,0,0,0,0,0,1,2
313,6406_6_3,0,0,1,0,0,0,0,0,0,2
314,6507_11_4,0,0,0,0,0,0,0,1,0,2
315,25_8_12,0,0,0,0,1,0,0,0,1,4
316,30_11_4,0,0,0,0,0,0,1,0,1,4
317,6507_7_11,0,0,0,0,1,0,0,0,0,2
318,9_2_8_S,0,0,0,0,1,0,0,0,0,2
319,31_4_A_01,0,0,0,0,0,0,1,0,0,2
320,6406_12_3_S,0,0,0,0,0,0,1,0,0,2
321,6607_12_03,0,0,1,0,0,0,0,0,0,2
322,35_2_3,0,0,0,0,0,0,0,0,1,2
323,33_5_1,0,0,0,0,0,0,0,0,1,2
324,7324_3_1,0,0,1,0,0,0,0,0,0,2
325,15_9_16,0,0,0,0,1,0,0,0,1,4
326,16_3_3,0,0,0,0,0,0,0,0,1,2
327,6608_10_04,0,0,1,0,0,0,0,0,0,2
328,34_7_P_25,0,0,0,0,0,0,1,0,0,2
329,17_11_2,0,0,0,0,0,0,0,0,1,2
330,6407_5_B_3_H,0,0,0,0,0,0,1,0,0,2
331,16_1_13,0,0,0,0,0,0,0,0,1,2
332,16_2_6,0,0,1,1,0,0,1,0,1,8
333,7120_6_1,0,0,0,0,0,0,1,0,0,2
334,34_7_A_1_H,0,0,0,0,0,0,1,0,0,2
335,25_1_8_S,0,0,0,0,0,0,1,0,0,2
336,8_10_2,0,0,0,0,0,0,0,0,1,2
337,6506_6_1,0,0,1,0,0,0,1,0,0,4
338,34_7_26,0,0,0,0,1,0,1,0,1,6
339,6204_11_02,0,0,0,0,1,0,0,0,0,2
340,15_6_11,0,0,0,0,0,0,1,0,1,4
341,31_2_D_9,0,0,0,0,0,0,1,0,0,2
342,24_6_2,0,0,1,0,0,0,1,0,1,6
343,6608_10_H_3,0,0,0,0,0,0,1,0,0,2
344,25_8_4,0,0,1,0,0,0,1,0,1,6
345,6507_10_1,0,0,0,0,1,0,1,0,0,4
346,7220_2_1,0,0,1,0,0,0,1,0,0,4
347,15_9_20,0,0,1,0,0,0,0,0,1,4
348,34_8_16,0,0,1,0,0,0,1,0,1,6
349,6407_8_5,0,0,1,0,0,0,0,0,0,2
350,7_11_3,0,0,0,0,0,0,0,0,1,2
351,35_11_12,0,0,0,1,0,0,1,0,1,6
352,1_2,0,0,0,0,0,0,1,0,0,2
353,35_12_6,0,0,1,0,0,0,0,0,0,2
354,6407_7_4,1,1,0,0,0,1,1,1,0,10
355,16_4_3,0,0,0,0,0,0,0,0,1,2
356,24_9_7,0,0,0,0,0,0,1,0,1,4
357,16_5_1,0,0,0,0,1,0,0,0,1,4
358,31_2_1,0,0,1,1,1,0,1,0,1,10
359,6507_7_6,1,0,0,0,1,0,1,0,0,6
360,25_2_17,0,0,1,0,0,0,1,0,1,6
361,7225_3_1,0,0,1,0,0,0,1,0,0,4
362,34_10_54,0,0,1,0,0,0,1,0,1,6
363,24_9_12,0,0,1,0,0,0,0,0,0,2
364,10_4_1,0,0,0,0,0,0,0,0,1,2
365,35_8_1,0,0,1,1,0,0,1,0,1,8
366,36_7_2,0,0,1,0,1,0,0,0,1,6
367,15_12_7,0,0,0,0,1,0,0,0,1,4
368,34_7_11,0,0,0,0,0,0,0,0,1,2
369,30_6_C15,0,0,0,0,0,0,1,0,0,2
370,6506_12_11_S,0,0,0,0,0,0,1,0,0,2
371,34_10_C8,0,0,0,0,0,0,1,0,0,2
372,2_11_6_S,0,0,0,0,0,0,1,0,0,2
373,3_7_8,0,0,1,0,0,0,1,0,0,4
374,34_10_G_3,0,0,0,0,0,0,1,0,0,2
375,2_8A_10B,0,0,0,0,0,0,1,0,0,2
376,7_11_10,0,0,0,0,0,0,0,0,1,2
377,7219_12_1,0,0,1,0,0,0,1,0,0,4
378,6406_2_3,0,0,1,0,0,0,0,0,0,2
379,30_9_18,0,0,0,0,0,0,0,0,1,2
380,6507_2_1,0,0,0,0,1,0,0,0,0,2
381,31_4_6,0,0,0,1,0,0,0,0,1,4
382,35_11_7,0,0,1,1,1,0,1,0,1,10
383,6506_11_5,0,0,0,0,1,0,0,0,0,2
384,2_7_B_08,0,0,0,0,0,0,1,0,0,2
385,6608_10_2,0,0,1,0,1,0,1,0,0,6
386,6305_5_M2,0,0,0,0,0,0,1,0,0,2
387,33_9_13,0,0,0,0,0,0,0,0,1,2
388,25_2_8,0,0,0,0,0,0,0,0,1,2
389,30_9_9,0,0,1,0,0,0,1,0,1,6
390,7_12_A16,0,0,0,0,0,0,1,0,0,2
391,34_10_3,0,0,0,0,0,0,1,0,1,4
392,6608_10_12,0,0,1,0,0,0,1,0,0,4
393,7220_5_1,0,0,0,0,0,0,1,0,0,2
394,15_9_18,0,0,0,1,1,0,1,0,1,8
395,25_1_2,0,0,0,0,0,0,0,0,1,2
396,2029_02_07,0,0,1,0,0,0,0,0,0,2
397,15_6_4,0,0,0,0,0,0,0,0,1,2
398,34_10_K_2H,0,0,0,0,0,0,1,0,0,2
399,6707_10_2,0,0,1,0,0,0,1,0,0,4
400,25_11_28,0,0,0,0,0,0,1,0,1,4
401,15_6_2_R,0,0,0,0,1,0,0,0,0,2
402,6506_12_5,1,0,0,0,1,0,1,0,0,6
403,33_9_16,0,0,0,0,0,0,1,0,1,4
404,7122_4_1,0,0,0,0,0,0,1,0,0,2
405,16_2_7,0,0,0,1,0,0,1,0,1,6
406,2_8_7,0,0,0,0,0,0,1,0,0,2
407,6204_11_2,0,0,0,0,0,0,0,0,1,2
408,1_9_7T3,0,0,0,0,0,0,1,0,0,2
409,9_2_8,0,0,0,0,0,0,0,0,1,2
410,6506_12_I_1,0,0,0,0,0,0,1,0,0,2
411,30_9_13,0,0,1,1,0,0,0,0,1,6
412,6506_11_N_3_H,0,0,0,0,0,0,1,0,0,2
413,2_7_20,0,0,1,0,1,0,1,0,0,6
414,6506_12_J_1,0,0,0,0,0,0,1,0,0,2
415,34_7_3,0,0,0,0,0,0,1,0,1,4
416,30_3_A_7_A,0,0,0,0,0,0,1,0,0,2
417,30_9_8,0,0,0,0,0,0,0,0,1,2
418,2_8_6,0,0,1,0,0,0,0,0,0,2
419,15_9_13,0,0,0,1,1,0,1,0,1,8
420,18_11_1,0,0,0,0,0,0,0,0,1,2
421,34_10_C_1,0,0,0,0,0,0,1,0,0,2
422,34_7_E_2_H,0,0,0,0,0,0,1,0,0,2
423,16_1_24,0,0,0,0,0,0,0,0,1,2
424,6506_12_N_1,0,0,0,0,0,0,1,0,0,2
425,34_10_5,0,0,0,1,0,0,1,0,1,6
426,7220_7_2,0,0,1,0,0,0,1,0,0,4
427,6407_9_B1,0,0,0,0,0,0,1,0,0,2
428,6204_10_2R,0,0,0,0,0,0,1,0,0,2
429,15_5_3,0,0,0,0,1,0,0,0,1,4
430,7120_6_2,0,0,0,0,0,0,1,0,0,2
431,33_9_3,0,0,0,0,0,0,1,0,1,4
432,1931_02_07,0,0,1,0,0,0,0,0,0,2
433,34_4_9,0,0,0,0,1,0,0,0,1,4
434,30_9_14,0,0,0,0,0,0,1,0,1,4
435,34_4_10,0,0,1,1,1,0,1,0,1,10
436,34_10_22,0,0,0,0,0,0,0,0,1,2
437,31_2_16,0,0,0,0,0,0,0,0,1,2
438,7_11_2,0,0,0,0,0,0,1,0,1,4
439,33_9_8,0,0,1,0,1,0,1,0,1,8
440,34_10_37A,0,0,0,0,0,0,1,0,0,2
441,7119_12_2,0,0,0,0,0,0,1,0,0,2
442,6406_3_8,0,0,1,0,0,0,1,0,0,4
443,34_11_2S,0,0,0,0,0,0,1,0,0,2
444,10_8_1,0,0,0,0,0,0,0,0,1,2
445,7226_11_01,0,0,1,0,0,0,0,0,0,2
446,7_12_A_15,0,0,0,0,0,0,1,0,0,2
447,1_9_6,0,0,0,0,0,0,1,0,0,2
448,25_4_8,0,0,0,0,0,0,0,0,1,2
449,1_5_3,0,0,1,0,0,0,0,0,0,2
450,34_10_C_5,0,0,0,0,0,0,1,0,0,2
451,7120_6_3,0,0,0,0,0,0,1,0,0,2
452,16_1_12,0,0,1,0,0,0,0,0,1,4
453,15_9_17,0,0,1,1,1,0,1,0,1,10
454,6507_7_1,1,0,0,0,1,0,1,0,0,6
455,7316_5_1,0,0,0,0,0,0,1,0,0,2
456,6407_9_7,0,0,0,0,1,0,0,0,0,2
457,6406_3_4,0,0,0,0,0,0,1,0,0,2
458,6507_7_3,0,0,0,0,1,0,1,0,0,4
459,16_8_3,0,0,0,0,0,0,0,0,1,2
460,30_9_27,0,0,1,0,0,0,0,0,1,4
461,33_12_7,0,0,0,0,0,0,1,0,1,4
462,6407_9_A_2_A,0,0,0,0,1,0,0,0,0,2
463,2_2_2,0,0,1,0,0,0,0,0,0,2
464,25_8_10_S,0,0,0,0,1,0,0,0,0,2
465,6407_7_7,0,0,1,0,0,0,1,0,0,4
466,25_5_2,0,0,0,1,0,0,1,0,1,6
467,30_3_1,0,0,0,0,0,0,0,0,1,2
468,6407_9_4,1,1,0,0,0,1,1,1,0,10
469,30_11_5,0,0,1,0,0,0,0,0,1,4
470,25_10_10,0,0,0,1,0,0,0,0,1,4
471,2_7_25_S,0,0,0,0,0,0,1,0,0,2
472,31_4_3,0,0,1,1,0,0,0,0,1,6
473,35_9_9,0,0,0,1,0,0,0,0,1,4
474,16_7_9,0,0,0,0,0,0,0,0,1,2
475,31_4_A_13,0,0,0,0,0,0,1,0,0,2
476,9_4_4,0,0,0,0,0,0,0,0,1,2
477,6406_9_3,0,0,1,0,0,0,1,0,0,4
478,7228_7_1,0,0,1,0,0,0,0,0,0,2
479,30_3_10,0,0,0,0,0,0,0,0,1,2
480,33_9,0,0,1,0,0,0,0,0,0,2
481,30_9_B25,0,0,0,0,0,0,1,0,0,2
482,34_10_33,0,0,0,1,0,0,1,0,1,6
483,33_9_A_37_B,0,0,0,0,0,0,1,0,0,2
484,2_7_25,0,0,0,0,1,0,0,0,0,2
485,6506_11_2,0,0,1,0,1,0,1,0,0,6
486,6406_2_R_4,0,0,0,0,0,0,1,0,0,2
487,25_4_6S,0,0,0,0,0,0,1,0,0,2
488,16_3_2,0,0,0,0,1,0,0,0,1,4
489,6610_2_1S,0,0,0,0,0,0,1,0,0,2
490,31_2_17S,0,0,0,0,0,0,1,0,0,2
491,30_6_6,0,0,0,0,0,0,1,0,1,4
492,30_6_16,0,0,1,0,0,0,1,0,1,6
493,7219_12_1A,0,0,0,0,0,0,1,0,0,2
494,33_9_6,0,0,1,1,0,0,1,0,1,8
495,6507_7_16,0,0,1,0,0,0,0,0,0,2
496,30_9_B23,0,0,0,0,0,0,1,0,0,2
497,6507_7_A_35,0,0,0,0,0,0,1,0,0,2
498,7122_7_3,0,0,0,0,0,0,1,0,0,2
499,34_8_11,0,0,0,0,0,0,0,0,1,2
500,7324_2_1,0,0,0,0,0,0,1,0,0,2
501,34_2_2_R,0,0,0,0,1,0,0,0,0,2
502,6506_12_J_3H,0,0,0,0,0,0,1,0,0,2
503,25_11_2,0,0,0,0,0,0,0,0,1,2
504,15_9_B_6,0,0,0,0,0,0,1,0,0,2
505,25_4_4,0,0,0,0,0,0,0,0,1,2
506,2_11_3,0,0,0,0,0,0,1,0,0,2
507,35_11_10,0,0,0,1,1,0,1,0,1,8
508,31_6_A_33,0,0,0,0,0,0,1,0,0,2
509,33_12_2,0,0,0,0,0,0,1,0,1,4
510,31_4_1,0,0,0,0,0,0,0,0,1,2
511,34_8_4,0,0,1,0,0,0,0,0,1,4
512,15_9_B_10,0,0,0,0,0,0,1,0,0,2
513,30_6_29,0,0,1,0,0,0,0,0,1,4
514,34_10_L_4_H,0,0,0,0,0,0,1,0,0,2
515,34_7_25S,0,0,0,0,0,0,1,0,0,2
516,7123_4_1,0,0,0,0,0,0,1,0,0,2
517,16_8_2,0,0,0,0,0,0,0,0,1,2
518,15_9_14,0,0,0,1,1,0,0,0,1,6
519,15_2_1,0,0,0,0,0,0,0,0,1,2
520,30_3_2,0,0,1,1,0,0,1,0,1,8
521,6507_7_A_15,0,0,0,0,0,0,1,0,0,2
522,2_7_23,0,0,0,0,1,0,0,0,0,2
523,2_1_2,0,0,0,0,0,0,1,0,0,2
524,17_3_1,0,0,1,0,1,0,0,0,1,6
525,25_11_7,0,0,0,0,0,0,0,0,1,2
526,2_11_2,0,0,1,0,0,0,0,0,0,2
527,25_2_15,0,0,0,0,1,0,1,0,1,6
528,25_8_9,0,0,1,1,1,0,1,0,1,10
529,30_11_10,0,0,1,0,0,0,1,0,1,6
530,,0,0,0,0,0,0,0,0,0,0
531,6507_3_2,0,0,0,0,1,0,1,0,0,4
532,8_1_1,0,0,0,0,0,0,0,0,1,2
533,16_4_8,0,0,0,0,0,0,1,0,1,4
534,33_5_2,0,0,0,1,0,0,0,0,1,4
535,34_10_2,0,0,1,0,1,0,1,0,1,8
536,7121_5_2,0,0,1,0,0,0,1,0,0,4
537,16_4_2,0,0,0,1,1,0,0,0,1,6
538,31_2_L_41,0,0,0,0,0,0,1,0,0,2
539,35_9_2,0,0,1,1,1,0,1,0,1,10
540,31_2_M_41,0,0,0,0,0,0,1,0,0,2
541,6407_6_4,0,0,0,0,1,0,1,0,0,4
542,6607_5_2,0,0,0,0,1,0,1,0,0,4
543,34_4_C_6_H,0,0,0,0,0,0,1,0,0,2
544,31_2_12,0,0,0,0,0,0,1,0,1,4
545,34_2_1,0,0,0,0,0,0,0,0,1,2
546,2_12_1,0,0,1,0,0,0,1,0,0,4
547,15_9_19S,0,0,0,0,0,0,1,0,0,2
548,15_12_20,0,0,1,0,0,0,1,0,1,6
549,25_4_3,0,0,1,0,1,0,0,0,1,6
550,16_1_4,0,0,1,0,0,0,0,0,1,4
551,25_9_2,0,0,0,0,0,0,0,0,1,2
552,6507_5_1,0,0,1,0,1,0,1,0,0,6
553,16_2_5,0,0,1,0,0,0,1,0,1,6
554,25_10_8_A,0,0,0,0,0,0,1,0,0,2
555,6507_7_A_53,0,0,0,0,0,0,1,0,0,2
556,2_11_1,0,0,0,0,1,0,0,0,0,2
557,1_3_K_5,0,0,1,0,0,0,0,0,0,2
558,25_10_1,0,0,0,0,1,0,0,0,1,4
559,30_11_7,0,0,1,0,0,0,1,0,1,6
560,15_12_3,0,0,0,0,1,0,1,0,1,6
561,6407_9_9,0,0,1,0,0,0,0,0,0,2
562,2_1_7,0,0,0,0,0,0,1,0,0,2
563,30_6_8,0,0,0,1,0,0,0,0,1,4
564,34_10_28,0,0,0,0,0,0,0,0,1,2
565,16_2_U_19,0,0,0,0,0,0,1,0,0,2
566,15_6_8,0,0,0,0,1,0,0,0,1,4
567,2_8_9,0,0,0,0,0,0,1,0,0,2
568,15_9_2,0,0,0,1,1,0,0,0,1,6
569,15_12_11S,0,0,0,0,0,0,1,0,0,2
570,34_10_39,0,0,0,0,0,0,0,0,1,2
571,6510_2_1,0,0,0,0,0,0,1,0,0,2
572,6609_5_1,0,0,0,0,1,0,1,0,0,4
573,31_4_A_12,0,0,0,0,0,0,1,0,0,2
574,31_4_A_26,0,0,0,0,0,0,1,0,0,2
575,25_8_C_20,0,0,1,0,0,0,0,0,0,2
576,16_7_7,0,0,1,1,0,0,0,0,1,6
577,6507_11_X_4_AH,0,0,0,0,0,0,1,0,0,2
578,34_11_4,0,0,0,0,0,0,0,0,1,2
579,17_6_1,0,0,0,0,0,0,0,0,1,2
580,36_7_4,0,0,1,0,0,0,1,0,0,4
581,30_6_C_20,0,0,0,0,0,0,1,0,0,2
582,31_2_E_6H,0,0,0,0,0,0,1,0,0,2
583,34_7_8,0,0,1,0,0,0,0,0,1,4
584,31_6_8,0,0,0,1,0,0,1,0,1,6
585,7220_8_1,0,0,1,0,0,0,1,0,0,4
586,34_7_15,0,0,0,1,0,0,0,0,1,4
587,25_11_1,0,0,1,1,1,0,1,0,1,10
588,7222_11_2,0,0,1,0,0,0,1,0,0,4
589,31_6_6,0,0,0,0,0,0,1,0,1,4
590,16_4_6,0,0,1,0,0,0,1,0,1,6
591,29_3_1,0,0,1,1,0,0,0,0,1,6
592,30_9_B04,0,0,0,0,0,0,1,0,0,2
593,25_10_11_T2,0,0,0,0,0,0,1,0,0,2
594,16_2_11,0,0,0,1,0,0,1,0,1,6
595,25_2_18,0,0,1,0,0,0,0,0,0,2
596,7122_7_4,0,0,1,0,0,0,1,0,0,4
597,25_9_1,0,0,0,1,1,0,1,0,1,8
598,6607_12_2_S,0,0,0,0,0,0,1,0,0,2
599,10_5_1,0,0,0,0,0,0,0,0,1,2
600,25_5_6,0,0,0,0,0,0,0,0,1,2
601,34_10_52,0,0,1,0,0,0,0,0,1,4
602,3_7_3,0,0,0,0,1,0,0,0,0,2
603,31_5_4,0,0,0,1,0,0,0,0,1,4
604,1_6_5,0,0,0,0,0,0,1,0,0,2
605,33_9_E_1,0,0,0,0,0,0,1,0,0,2
606,2_4_7,0,0,0,0,0,0,1,0,0,2
607,6507_7_4,1,0,0,0,1,1,1,1,0,10
608,16_3_1,0,0,0,0,0,0,0,0,1,2
609,30_11_13,0,0,1,0,0,0,0,0,0,2
610,35_9_11,0,0,0,0,0,0,0,0,1,2
611,31_3_3,0,0,0,1,0,0,1,0,1,6
612,6306_6_1,0,0,0,0,0,0,1,0,0,2
613,6608_11_2,0,0,1,0,0,0,1,0,0,4
614,34_10_A_40,0,0,0,0,0,0,1,0,0,2
615,34_10_G_2H,0,0,0,0,0,0,1,0,0,2
616,34_12_1,0,0,1,1,0,0,1,0,1,8
617,6608_10_4,0,0,0,0,1,0,1,0,0,4
618,7120_1_5,0,0,0,0,0,0,1,0,0,2
619,35_9_1_R,0,0,0,0,1,0,0,0,0,2
620,5604_22,0,0,1,0,0,0,0,0,0,2
621,25_8_2,0,0,0,0,1,0,0,0,1,4
622,35_3_4,0,0,0,1,0,0,1,0,1,6
623,25_1_11,0,0,1,0,0,0,0,0,1,4
624,25_10_2_R,0,0,0,0,1,0,0,0,0,2
625,15_9_5,0,0,0,1,1,0,0,0,1,6
626,31_2_10,0,0,0,1,0,0,1,0,1,6
627,6507_12_3,0,0,0,0,1,0,1,0,0,4
628,7_11_11_S,0,0,0,0,0,0,1,0,0,2
629,30_11_11,0,0,1,0,0,0,0,0,1,4
630,25_10_5,0,0,0,0,0,0,0,0,1,2
631,34_10_I_3_H,0,0,0,0,0,0,1,0,0,2
632,6406_3_1,0,0,0,0,0,0,1,0,0,2
633,35_11_8,0,0,1,0,0,0,0,0,1,4
634,30_3_7B,0,0,0,0,0,0,1,0,0,2
635,25_5_3,0,0,1,1,1,0,1,0,1,10
636,6706_12_3,0,0,1,0,0,0,1,0,0,4
637,25_1_3,0,0,0,0,0,0,0,0,1,2
638,34_10_37,0,0,1,0,0,0,1,0,1,6
639,6407_8_3,0,0,0,0,1,0,0,0,0,2
640,36_7_3,0,0,0,1,0,0,0,0,1,4
641,15_12_11,0,0,0,0,1,0,0,0,1,4
642,30_9_B26,0,0,0,0,0,0,1,0,0,2
643,25_8_3,0,0,0,0,0,0,0,0,1,2
644,25_11_24,0,0,1,1,0,0,1,0,1,8
645,30_9_J_13,0,0,0,0,0,0,1,0,0,2
646,25_11_14,0,0,0,0,0,0,0,0,1,2
647,15_9_B_13T2,0,0,0,0,0,0,1,0,0,2
648,33_9_C11,0,0,0,0,0,0,1,0,0,2
649,33_9_9,0,0,0,0,0,0,1,0,1,4
650,15_9_B_4T2,0,0,0,0,0,0,1,0,0,2
651,25_8_18,0,0,0,0,0,0,0,0,1,2
652,25_11_26,0,0,0,0,0,0,0,0,1,2
653,31_4_A_14,0,0,0,0,0,0,1,0,0,2
654,6506_11_4,0,0,0,0,1,0,0,0,0,2
655,33_12_5,0,0,0,0,0,0,0,0,1,2
656,35_12_5,0,0,0,0,0,0,1,0,1,4
657,1_2_1,0,0,1,0,0,0,0,0,0,2
658,1_6_1,0,0,1,0,0,0,0,0,0,2
659,34_8_7,0,0,1,1,0,0,1,0,1,8
660,2_5_10,0,0,0,0,0,0,1,0,0,2
661,34_11_6,0,0,1,0,0,0,0,0,0,2
662,16_7_7ST2,0,0,0,0,0,0,1,0,0,2
663,6306_6_2,0,0,0,0,0,0,1,0,0,2
664,34_11_2,0,0,1,1,0,0,0,0,1,6
665,6406_2_5,0,0,0,0,1,0,0,0,0,2
666,6204_10_2A,0,0,0,0,0,0,1,0,0,2
667,15_12_5,0,0,0,0,1,0,1,0,1,6
668,6507_7_A_52,0,0,0,0,0,0,1,0,0,2
669,30_9_B_44,0,0,0,0,0,0,1,0,0,2
670,36_4_1,0,0,0,0,0,0,0,0,1,2
671,34_3_2,0,0,0,1,0,0,1,0,1,6
672,7_11_11,0,0,0,0,0,0,0,0,1,2
673,2_5_4,0,0,1,0,0,0,0,0,0,2
674,16_1_6_S,0,0,0,0,0,0,1,0,0,2
675,6407_2_1,1,1,0,0,1,1,1,1,0,12
676,25_8_12S,0,0,0,0,0,0,1,0,0,2
677,16_1_1,0,0,0,0,0,0,0,0,1,2
678,15_5_6,0,0,0,0,1,0,1,0,1,6
679,7120_2_1,0,0,0,0,0,0,1,0,0,2
680,34_7_P_14,0,0,0,0,0,0,1,0,0,2
681,30_6_14,0,0,1,1,0,0,0,0,1,6
682,2_11_3_A,0,0,0,0,0,0,1,0,0,2
683,1_3_6,0,0,1,0,0,0,1,0,0,4
684,35_8_6,0,0,1,1,0,0,1,0,1,8
685,31_2_6,0,0,0,0,0,0,1,0,1,4
686,7119_12_3,0,0,0,0,0,0,1,0,0,2
687,30_9_13S,0,0,0,0,0,0,1,0,0,2
688,15_6_13,0,0,1,0,0,0,1,0,1,6
689,33_9_12,0,0,0,0,0,0,1,0,1,4
690,25_5_8,0,0,0,0,0,0,0,0,1,2
691,35_12_3,0,0,0,0,0,0,0,0,1,2
692,31_2_D_10_H,0,0,0,0,0,0,1,0,0,2
693,7131_4_1,0,0,0,0,0,0,1,0,0,2
694,34_7_36,0,0,0,0,0,0,0,0,1,2
695,25_11_4,0,0,0,0,0,0,0,0,1,2
696,7225_3_2,0,0,0,0,0,0,1,0,0,2
697,25_10_6S,0,0,0,0,0,0,1,0,0,2
698,30_6_C10,0,0,0,0,0,0,1,0,0,2
699,34_7_9,0,0,0,0,0,0,1,0,1,4
700,6506_9_3,0,0,1,0,0,0,1,0,0,4
701,6407_9_3,0,0,0,0,1,1,1,1,0,8
702,7223_05_01,0,0,1,0,0,0,0,0,0,2
703,7019_1_1,0,0,0,0,0,0,1,0,0,2
704,34_7_P40,0,0,0,0,0,0,1,0,0,2
705,7319_12_1,0,0,1,0,0,0,1,0,0,4
706,6510_2_1_R,0,0,0,0,1,0,0,0,0,2
707,35_11_8S,0,0,0,0,0,0,1,0,0,2
708,6406_8_1,1,1,0,0,1,1,1,1,0,12
709,25_8_1,0,0,1,1,1,0,0,0,1,8
710,24_6_3,0,0,0,0,0,0,0,0,1,2
711,25_8_12A,0,0,0,0,0,0,1,0,0,2
712,30_10_5,0,0,0,0,0,0,0,0,1,2
713,31_2_18,0,0,0,0,0,0,1,0,1,4
714,6608_10_16,0,0,0,0,0,0,1,0,0,2
715,31_4_A_4,0,0,0,0,0,0,1,0,0,2
716,25_2_3,0,0,0,0,0,0,0,0,1,2
717,34_7_23,0,0,1,0,1,0,1,0,1,8
718,34_10_23,0,0,1,1,0,0,1,0,1,8
719,15_9_A_23_A,0,0,0,0,0,0,1,0,0,2
720,35_9_1,0,0,1,1,1,0,1,0,1,10
721,30_9_1,0,0,0,0,0,0,0,0,1,2
722,31_2_13,0,0,0,0,0,0,0,0,1,2
723,24_9_8,0,0,0,0,0,0,0,0,1,2
724,17_12_2,0,0,1,0,0,0,0,0,1,4
725,34_10_H_2H,0,0,0,0,0,0,1,0,0,2
726,6407_5_2,0,0,1,0,0,0,1,0,0,4
727,25_8_5_S,0,0,0,0,0,0,1,0,0,2
728,7316_05_01,0,0,1,0,0,0,0,0,0,2
729,7121_4_1,0,0,1,0,0,0,1,0,0,4
730,30_7_7,0,0,0,1,0,0,1,0,1,6
731,30_9_11,0,0,0,0,0,0,1,0,1,4
732,15_9_D_3H,0,0,0,0,0,0,1,0,0,2
733,7120_5_1,0,0,0,0,0,0,1,0,0,2
734,30_2_2,0,0,0,1,0,0,0,0,1,4
735,15_12_18,0,0,1,0,0,0,0,0,1,4
736,30_4_D_1_H,0,0,0,0,0,0,1,0,0,2
737,6507_11_5,0,0,0,0,1,0,0,0,0,2
738,6406_2_1,0,0,1,0,1,0,1,0,0,6
739,34_7_14,0,0,0,0,0,0,0,0,1,2
740,30_8_4,0,0,1,0,0,0,1,0,1,6
741,30_3_A_10,0,0,0,0,0,0,1,0,0,2
742,2_7_31,0,0,0,0,1,0,1,0,0,4
743,7_3_1,0,0,0,1,0,0,0,0,1,4
744,15_12_13,0,0,0,0,0,0,0,0,1,2
745,34_7_P_11,0,0,0,0,0,0,1,0,0,2
746,30_2_3,0,0,0,0,0,0,1,0,1,4
747,30_9_B49H,0,0,0,0,0,0,1,0,0,2
748,31_5_3,0,0,0,1,0,0,1,0,1,6
749,7120_9_1,0,0,1,0,0,0,1,0,0,4
750,34_10_48,0,0,1,0,0,0,1,0,1,6
751,2_7_24,0,0,0,0,1,0,1,0,0,4
752,30_8_2,0,0,0,0,0,0,1,0,1,4
753,6406_2_1R,0,0,0,0,0,0,1,0,0,2
754,6706_11_1,0,0,0,0,1,0,1,0,0,4
755,2_12_2_S,0,0,0,0,0,0,1,0,0,2
756,25_10_2,0,0,0,1,1,0,0,0,1,6
757,15_6_8_S,0,0,0,0,1,0,0,0,0,2
758,35_11_3,0,0,0,0,0,0,0,0,1,2
759,34_4_10_R,0,0,0,0,0,0,1,0,0,2
760,31_6_4,0,0,0,0,0,0,0,0,1,2
761,29_6,0,0,1,0,0,0,0,0,0,2
762,6507_11_3,1,1,0,0,1,1,1,1,0,12
763,34_10_B_14,0,0,0,0,0,0,1,0,0,2
764,30_10_7,0,0,0,0,0,0,1,0,1,4
765,2_1_9A,0,0,0,0,0,0,1,0,0,2
766,31_2_O_41,0,0,0,0,0,0,1,0,0,2
767,6507_11_2,1,1,0,0,0,1,1,1,0,10
768,34_10_10,0,0,0,0,0,0,0,0,1,2
769,33_9_20,0,0,0,0,0,0,0,0,1,2
770,25_11_17,0,0,0,0,1,0,1,0,1,6
771,34_11_B_13,0,0,0,0,0,0,1,0,0,2
772,15_12_A_2,0,0,0,0,0,0,1,0,0,2
773,31_05_1,0,0,0,0,1,0,0,0,0,2
774,7_1_1,0,0,0,1,0,0,0,0,1,4
775,6407_9_1,1,1,1,0,1,1,1,1,0,14
776,16_7_2,0,0,1,1,1,0,1,0,1,10
777,16_7_3,0,0,0,1,0,0,1,0,1,6
778,30_6_E_1,0,0,0,0,0,0,1,0,0,2
779,17_12_3,0,0,0,0,0,0,0,0,1,2
780,16_1_16,0,0,0,0,0,0,1,0,1,4
781,25_2_9,0,0,0,0,0,0,0,0,1,2
782,6407_4_1,1,1,1,0,0,1,1,1,0,12
783,34_7_22,0,0,1,0,0,0,0,0,1,4
784,8_5_1,0,0,0,0,0,0,0,0,1,2
785,15_12_23,0,0,0,0,0,0,1,0,1,4
786,16_1_A_10,0,0,0,0,0,0,1,0,0,2
787,15_9_A_8,0,0,0,0,0,0,1,0,0,2
788,15_9_B_5,0,0,0,0,0,0,1,0,0,2
789,30_3_8,0,0,0,0,0,0,0,0,1,2
790,34_7_20,0,0,0,1,0,0,0,0,1,4
791,16_1_A_2,0,0,0,0,0,0,1,0,0,2
792,2_4_VB_07,0,0,0,0,0,0,1,0,0,2
793,24_9_2,0,0,0,0,1,0,0,0,1,4
794,34_8_18,0,0,1,0,0,0,0,0,0,2
795,30_3_4,0,0,0,1,0,0,1,0,1,6
796,7120_12_4,0,0,0,0,0,0,1,0,0,2
797,31_2_17SA,0,0,0,0,0,0,1,0,0,2
798,6305_5_B_2,0,0,0,0,0,0,1,0,0,2
799,6507_8_9,0,0,1,0,0,0,0,0,0,2
800,6506_12_Q_2,0,0,0,0,0,0,1,0,0,2
801,7_11_13,0,0,0,0,0,0,0,0,1,2
802,34_6_3_S,0,0,0,0,0,0,1,0,0,2
803,6506_12_11,0,0,0,0,1,0,0,0,0,2
804,35_2_2,0,0,0,0,0,0,0,0,1,2
805,6507_7_C_2,0,0,0,0,0,0,1,0,0,2
806,34_10_25,0,0,0,0,0,0,0,0,1,2
807,15_12_A_5,0,0,0,0,0,0,1,0,0,2
808,33_6_3,0,0,0,1,0,0,0,0,1,4
809,24_12_03,0,0,0,0,1,0,0,0,0,2
810,30_9_15,0,0,1,0,0,0,1,0,1,6
811,15_6_2,0,0,0,0,1,0,0,0,0,2
812,34_8_A_1,0,0,0,0,0,0,1,0,0,2
813,6201_11_01,0,0,1,0,0,0,0,0,0,2
814,6305_7_1,0,0,0,0,0,0,1,0,0,2
815,30_6_3,0,0,0,0,0,0,1,0,1,4
816,6407_6_A_3_H,0,0,0,0,0,0,1,0,0,2
817,25_2_18_ST2,0,0,0,0,0,0,1,0,0,2
818,6507_3_7,0,0,1,0,0,0,1,0,0,4
819,30_9_11_A,0,0,0,0,0,0,1,0,0,2
820,26_4_1,0,0,0,1,1,0,1,0,1,8
821,7128_6_1,0,0,0,0,0,0,1,0,0,2
822,7122_6_2,0,0,0,0,0,0,1,0,0,2
823,7435_12_1,0,0,1,0,0,0,0,0,0,2
824,6507_7_15_S,0,0,0,0,0,0,1,0,0,2
825,30_12_1,0,0,0,0,0,0,0,0,1,2
826,6507_7_5_A,0,0,0,0,0,0,1,0,0,2
827,34_2_4,0,0,0,1,1,0,1,0,1,8
828,24_6_1,0,0,1,0,1,0,1,0,1,8
829,16_1_3,0,0,0,0,0,0,0,0,1,2
830,7_12_2,0,0,1,0,0,0,1,0,1,6
831,34_10_B_35,0,0,0,0,0,0,1,0,0,2
832,9_3_1,0,0,0,0,0,0,0,0,1,2
833,15_9_19,0,0,1,1,1,0,1,0,1,10
834,35_04_01,0,0,0,0,1,0,0,0,0,2
835,30_6_C12,0,0,0,0,0,0,1,0,0,2
836,31_2_15,0,0,0,0,0,0,1,0,1,4
837,25_8_8_S,0,0,0,0,0,0,1,0,0,2
838,34_10_A_21,0,0,0,0,0,0,1,0,0,2
839,9_2_11,0,0,0,0,0,0,0,0,1,2
840,34_7_23S,0,0,0,0,0,0,1,0,0,2
841,34_7_13,0,0,0,1,0,0,1,0,1,6
842,6406_12_1,0,0,0,0,1,0,0,0,0,2
843,15_12_14,0,0,0,0,0,0,0,0,1,2
844,7_12_8,0,0,0,0,0,0,1,0,1,4
845,34_10_C14,0,0,0,0,0,0,1,0,0,2
846,34_10_41,0,0,0,0,0,0,0,0,1,2
847,6507_8_1,1,1,0,0,1,1,1,1,0,12
848,25_1_4,0,0,1,0,0,0,0,0,1,4
849,6406_05_01,0,0,1,0,0,0,0,0,0,2
850,2_1_A_24B,0,0,0,0,0,0,1,0,0,2
851,6507_6_1,0,0,0,0,1,0,1,0,0,4
852,34_10_C3,0,0,0,0,0,0,1,0,0,2
853,30_9_B,0,0,0,0,0,0,1,0,0,2
854,34_10_19,0,0,0,1,0,0,1,0,1,6
855,6506_11_4S,0,0,0,0,0,0,1,0,0,2
856,15_5,0,0,1,0,0,0,0,0,0,2
857,31_6_7,0,0,0,0,0,0,0,0,1,2
858,2_8_17S,0,0,0,0,0,0,1,0,0,2
859,24_12_6,0,0,0,0,0,0,0,0,1,2
860,6406_2_Q_1,0,0,0,0,0,0,1,0,0,2
861,35_7_1,0,0,0,1,0,0,0,0,1,4
862,16_1_20,0,0,0,0,0,0,1,0,1,4
863,6507_5_3,0,0,1,0,0,0,1,0,0,4
864,30_6_5,0,0,1,1,0,0,1,0,1,8
865,6506_9_1,0,0,0,0,0,0,1,0,0,2
866,26_10_1,0,0,1,0,0,0,0,0,1,4
867,2_2_5,0,0,1,0,0,0,1,0,0,4
868,2_1_1,0,0,0,0,1,0,0,0,0,2
869,34_11_A_13,0,0,0,0,0,0,1,0,0,2
870,6406_2_2,0,0,0,0,1,0,1,0,0,4
871,2_7_28,0,0,0,0,1,0,1,0,0,4
872,35_8_5,0,0,0,1,0,0,1,0,1,6
873,7228_7_1A,0,0,0,0,0,0,1,0,0,2
874,6608_11_1,1,0,0,0,0,0,0,0,0,2
875,34_6_2,0,0,1,0,0,0,1,0,1,6
876,7226_11_1,0,0,0,0,0,0,1,0,0,2
877,30_8_3,0,0,1,0,1,0,1,0,1,8
878,34_10_42,0,0,0,0,0,0,0,0,1,2
879,25_7_3,0,0,1,0,1,0,1,0,1,8
880,2_11_A_7,0,0,0,0,0,0,1,0,0,2
881,25_10_4_R,0,0,0,0,1,0,0,0,0,2
882,30_3_6,0,0,1,0,0,0,0,0,0,2
883,16_1_5A,0,0,0,0,0,0,1,0,0,2
884,16_7_6,0,0,0,1,0,0,1,0,1,6
885,30_6_C_06,0,0,0,0,0,0,1,0,0,2
886,34_7_16,0,0,0,1,0,0,0,0,1,4
887,31_4_10,0,0,0,1,0,0,1,0,1,6
888,25_8_14,0,0,1,0,0,0,0,0,1,4
889,16_5_2,0,0,0,0,0,0,1,0,1,4
890,34_10_C_20T,0,0,0,0,0,0,1,0,0,2
891,35_08_04,0,0,0,0,1,0,0,0,0,2
892,30_6_4,0,0,0,0,0,0,1,0,1,4
893,30_9_B12,0,0,0,0,0,0,1,0,0,2
894,9_2_3,0,0,0,0,0,0,0,0,1,2
895,15_6_7,0,0,0,0,1,0,0,0,1,4
896,25_7_6,0,0,0,0,0,0,1,0,1,4
897,30_6_10,0,0,0,0,0,0,0,0,1,2
898,6305_8_2,0,0,0,0,0,0,1,0,0,2
899,30_10_6,0,0,1,0,1,0,0,0,1,6
900,6506_12_H_1,0,0,0,0,0,0,1,0,0,2
901,6302_6_1,0,0,1,0,0,0,1,0,0,4
902,1_9_6_S,0,0,0,0,0,0,1,0,0,2
903,6201_11_1,0,0,0,0,0,0,1,0,1,4
904,7121_4_D_1,0,0,0,0,0,0,1,0,0,2
905,6407_1_3,1,1,1,0,1,1,1,1,0,14
906,6605_8_2,0,0,0,0,0,0,1,0,0,2
907,25_2_21,0,0,1,0,0,0,0,0,0,2
908,33_9_15,0,0,0,0,0,0,1,0,1,4
909,25_6_5,0,0,1,0,0,0,0,0,1,4
910,30_7_4,0,0,0,0,0,0,0,0,1,2
911,30_6_19,0,0,1,1,0,0,1,0,1,8
912,24_12_3_S,0,0,0,0,0,0,1,0,0,2
913,7122_10_1,0,0,0,0,0,0,1,0,0,2
914,3_7_2,0,0,0,0,0,0,1,0,0,2
915,35_3_1,0,0,0,1,0,0,0,0,1,4
916,7122_7_1,0,0,1,0,0,0,1,0,0,4
917,34_10_9,0,0,0,0,0,0,1,0,1,4
918,15_9_3,0,0,0,0,1,0,0,0,1,4
919,33_9_A22,0,0,0,0,0,0,1,0,0,2
920,7220_7_3,0,0,1,0,0,0,1,0,0,4
921,6608_10_D_1H,0,0,0,0,0,0,1,0,0,2
922,7_11_9,0,0,0,0,0,0,1,0,1,4
923,7_12_10,0,0,0,0,0,0,1,0,1,4
924,35_11_17,0,0,1,0,0,0,1,0,1,6
925,25_10_14,0,0,0,0,0,0,0,0,1,2
926,7_8_1,0,0,0,0,0,0,0,0,1,2
927,16_6_1,0,0,0,1,0,0,0,0,1,4
928,6706_12_2,0,0,1,0,0,0,1,0,0,4
929,34_7_31,0,0,0,0,0,0,1,0,1,4
930,2_7_9,0,0,0,0,1,0,0,0,0,2
931,2_7_D_06,0,0,0,0,0,0,1,0,0,2
932,30_9_B27,0,0,0,0,0,0,1,0,0,2
933,25_2_C_3H,0,0,0,0,0,0,1,0,0,2
934,34_10_C_23,0,0,0,0,0,0,1,0,0,2
935,7121_4_2,0,0,1,0,0,0,1,0,0,4
936,16_10_1,0,0,0,1,0,0,1,0,1,6
937,7220_11_3,0,0,0,0,0,0,1,0,0,2
938,2_11_A2ST1,0,0,0,0,0,0,1,0,0,2
939,7324_9_1,0,0,1,0,0,0,1,0,0,4
940,32_2_1,0,0,0,1,0,0,0,0,1,4
941,6506_12_S_4,0,0,0,0,0,0,1,0,0,2
942,33_9_18,0,0,0,0,0,0,1,0,1,4
943,30_9_21,0,0,1,0,0,0,1,0,1,6
944,2_8_8,0,0,0,0,0,0,1,0,0,2
945,1_6_6,0,0,0,0,0,0,1,0,0,2
946,6507_7_10,0,0,0,0,1,0,1,0,0,4
947,6507_5_A_4_H,0,0,0,0,0,0,1,0,0,2
948,30_6_26,0,0,1,0,0,0,1,0,1,6
949,7120_10_2,0,0,0,0,0,0,1,0,0,2
950,6507_7_A_20,0,0,0,0,0,0,1,0,0,2
951,6507_7_A_50,0,0,0,0,0,0,1,0,0,2
952,2_7_27,0,0,0,0,1,0,0,0,0,2
953,6407_2_5,0,0,1,0,0,0,0,0,0,2
954,34_7_26_SR,0,0,0,0,0,0,1,0,0,2
955,35_10_2,0,0,1,1,0,0,1,0,1,8
956,34_10A_1H,0,0,0,0,0,0,1,0,0,2
957,30_9_4_S,0,0,0,0,0,0,1,0,0,2
958,25_1_9,0,0,1,0,0,0,1,0,1,6
959,7122_6_1,0,0,1,0,0,0,1,0,0,4
960,6507_11_08,0,0,1,0,0,0,0,0,0,2
961,9_2_4S,0,0,0,0,0,0,1,0,0,2
962,7229_11_1,0,0,0,0,0,0,1,0,0,2
963,7124_3_1,0,0,1,0,0,0,1,0,0,4
964,6506_11_4ST2,0,0,0,0,0,0,1,0,0,2
965,11_9_1,0,0,0,0,0,0,0,0,1,2
966,8_10_1,0,0,0,0,0,0,0,0,1,2
967,34_7_A_9_H,0,0,0,0,0,0,1,0,0,2
968,6608_10_5,0,0,0,0,1,0,0,0,0,2
969,34_7_P_7,0,0,0,0,0,0,1,0,0,2
970,15_5_2,0,0,1,0,0,0,1,0,1,6
971,6306_10_1,0,0,0,0,1,0,1,0,0,4
972,25_8_9_A,0,0,0,0,1,0,1,0,0,4
973,6407_9_8,0,0,0,0,1,0,1,0,0,4
974,2_7_26,0,0,0,0,1,0,0,0,0,2
975,6507_5_9,0,0,1,0,0,0,0,0,0,2
976,34_8_4S,0,0,0,0,0,0,1,0,0,2
977,31_4_A_1_A,0,0,1,0,0,0,0,0,0,2
978,7120_12_2,0,0,1,0,0,0,0,0,0,2
979,30_4_3,0,0,1,0,0,0,0,0,0,2
980,25_2_1,0,0,1,0,0,0,0,0,1,4
981,25_10_3,0,0,0,1,0,0,0,0,1,4
982,30_3_A14,0,0,0,0,0,0,1,0,0,2
983,3_7_6,0,0,0,0,0,0,1,0,0,2
984,25_5_9,0,0,1,0,0,0,0,0,1,4
985,34_7_32,0,0,0,0,0,0,0,0,1,2
986,30_9_B21,0,0,0,0,0,0,1,0,0,2
987,6507_03_13,0,0,1,0,0,0,0,0,0,2
988,25_7_5,0,0,1,0,1,0,1,0,1,8
989,25_7_2,0,0,1,1,1,0,1,0,1,10
990,34_7_27,0,0,0,0,0,0,1,0,1,4
991,31_2_G_4H,0,0,0,0,0,0,1,0,0,2
992,25_11_19,0,0,0,1,0,0,0,0,1,4
993,34_10_A_8,0,0,1,0,0,0,0,0,0,2
994,25_10_11,0,0,1,0,0,0,0,0,1,4
995,15_6_8A,0,0,0,0,0,0,1,0,0,2
996,6506_9_2,0,0,1,0,0,0,1,0,0,4
997,9_3_2,0,0,0,0,0,0,0,0,1,2
998,6407_7_8,0,0,1,0,0,0,1,0,0,4
999,30_3_3,0,0,0,1,0,0,1,0,1,6
1000,31_4_4,0,0,0,1,0,0,0,0,1,4
1001,25_8_8_B,0,0,0,0,0,0,1,0,0,2
1002,9_2_1,0,0,1,0,0,0,1,0,1,6
1003,34_7_5,0,0,0,1,0,0,1,0,1,6
1004,2_4_18R,0,0,0,0,0,0,1,0,0,2
1005,2_1_8,0,0,0,0,0,0,1,0,0,2
1006,15_9_A_20,0,0,0,0,0,0,1,0,0,2
1007,9_2_8S,0,0,0,0,0,0,1,0,0,2
1008,6506_11_1,0,0,0,0,1,0,0,0,0,2
1009,30_6_25,0,0,0,0,1,0,0,0,1,4
1010,2_6_1,0,0,0,0,1,0,0,0,0,2
1011,2_4C_13A,0,0,0,0,0,0,1,0,0,2
1012,6506_12_6,1,0,0,0,1,0,1,0,0,6
1013,6507_2_2,0,0,1,0,1,0,1,0,0,6
1014,35_9_10,0,0,0,1,0,0,1,0,1,6
1015,6604_10_1,0,0,0,0,0,0,1,0,0,2
1016,34_10_44,0,0,1,0,0,0,0,0,0,2
1017,8_10_3,0,0,0,0,0,0,0,0,1,2
1018,2001_01_03,0,0,1,0,0,0,0,0,0,2
1019,2010_02_04,0,0,1,0,0,0,0,0,0,2
1020,16_3_7,0,0,0,0,0,0,1,0,1,4
1021,30_3_A_15,0,0,0,0,0,0,1,0,0,2
1022,30_9_B_16,0,0,0,0,0,0,1,0,0,2
1023,6406_1_2,0,0,1,0,0,0,0,0,0,2
1024,15_3_A_5,0,0,0,0,0,0,1,0,0,2
1025,6406_12_4,0,0,1,0,0,0,1,0,0,4
1026,7_12_A_13,0,0,0,0,0,0,1,0,0,2
1027,35_8_4,0,0,0,1,0,0,0,0,1,4
1028,2_8_13,0,0,0,0,0,0,1,0,0,2
1029,30_11_12,0,0,1,0,0,0,0,0,0,2
1030,25_11_18,0,0,0,0,0,0,0,0,1,2
1031,25_5_A1,0,0,0,0,0,0,1,0,0,2
1032,33_12_B16,0,0,0,0,0,0,1,0,0,2
1033,34_5_1,0,0,1,1,0,0,1,0,1,8
1034,33_9_C36,0,0,0,0,0,0,1,0,0,2
1035,31_5_J_41,0,0,0,0,0,0,1,0,0,2
1036,9_2_7S,0,0,0,0,0,0,1,0,0,2
1037,7121_7_2,0,0,1,0,0,0,1,0,0,4
1038,30_9_25,0,0,0,0,0,0,1,0,1,4
1039,34_7_A_2H,0,0,0,0,0,0,1,0,0,2
1040,15_12_15,0,0,0,0,0,0,0,0,1,2
1041,6507_7_8,0,0,0,0,0,0,1,0,0,2
1042,35_11_2,0,0,1,1,0,0,1,0,1,8
1043,7_12_A08,0,0,0,0,0,0,1,0,0,2
1044,2_7_23_S,0,0,0,0,0,0,1,0,0,2
1045,24_12_2,0,0,0,1,1,0,1,0,1,8
1046,30_11_3,0,0,0,1,0,0,1,0,1,6
1047,25_5_1,0,0,1,1,1,0,1,0,1,10
1048,34_8_5,0,0,0,0,0,0,1,0,1,4
1049,24_9_5,0,0,1,0,1,0,1,0,1,8
1050,2_1_A_16,0,0,0,0,0,0,1,0,0,2
1051,7120_7_1,0,0,1,0,0,0,1,0,0,4
1052,30_11_9,0,0,1,0,0,0,1,0,1,6
1053,33_12_6,0,0,0,0,0,0,1,0,1,4
1054,15_5_7,0,0,0,0,0,0,1,0,1,4
1055,17_4_1,0,0,0,1,0,0,1,0,1,6
1056,25_07_05,0,0,0,0,1,0,0,0,0,2
1057,6406_3_9,0,0,0,0,0,0,1,0,0,2
1058,2_8_F_2,0,0,0,0,0,0,1,0,0,2
1059,16_1_29,0,0,1,0,0,0,0,0,0,2
1060,25_2_6,0,0,0,1,0,0,1,0,1,6
1061,25_10_13,0,0,0,0,0,0,0,0,1,2
1062,8_9_1,0,0,0,0,0,0,0,0,1,2
1063,2_3_1,0,0,1,0,0,0,0,0,0,2
1064,6507_8_D_3,0,0,0,0,0,0,1,0,0,2
1065,2_11_A_8,0,0,0,0,0,0,1,0,0,2
1066,30_6_24S,0,0,0,0,0,0,1,0,0,2
1067,33_9_4,0,0,0,0,0,0,1,0,1,4
1068,2_5_10A,0,0,0,0,0,0,1,0,0,2
1069,6506_11_8,0,0,0,0,0,0,1,0,0,2
1070,6305_1_1,0,0,0,0,0,0,1,0,0,2
1071,6406_3_5,0,0,0,0,1,0,0,0,0,2
1072,30_9_16,0,0,1,0,0,0,1,0,1,6
1073,15_12_A_8,0,0,0,0,0,0,1,0,0,2
1074,34_10_E_1Y1,0,0,0,0,0,0,1,0,0,2
1075,6506_12_1,1,1,1,0,1,1,1,1,0,14
1076,1_9_4,0,0,1,0,0,0,1,0,0,4
1077,6507_2_4,0,0,0,0,0,0,1,0,0,2
1078,35_10_1,0,0,1,1,0,0,1,0,1,8
1079,2002_02_07,0,0,1,0,0,0,0,0,0,2
1080,2007_02_05,0,0,1,0,0,0,0,0,0,2
1081,34_4_1,0,0,1,0,0,0,1,0,1,6
1082,34_10_15,0,0,0,0,0,0,1,0,1,4
1083,34_7_P_12,0,0,0,0,0,0,1,0,0,2
1084,34_7_4,0,0,0,0,0,0,1,0,1,4
1085,1_3_7_T3,0,0,0,0,0,0,1,0,0,2
1086,25_4_9,0,0,1,0,0,0,1,0,1,6
1087,30_10_4,0,0,0,0,0,0,0,0,1,2
1088,2_1_A_12,0,0,0,0,0,0,1,0,0,2
1089,35_11_9,0,0,0,0,0,0,1,0,1,4
1090,34_7_P_8,0,0,0,0,0,0,1,0,0,2
1091,32_4_1,0,0,0,0,0,0,0,0,1,2
1092,7123_4_1_A,0,0,0,0,0,0,1,0,0,2
1093,34_10_12,0,0,0,1,0,0,1,0,1,6
1094,30_6_22,0,0,0,1,0,0,0,0,1,4
1095,34_7_A_4_H,0,0,0,0,0,0,1,0,0,2
1096,15_9_11,0,0,0,0,1,0,1,0,1,6
1097,6407_07_06,0,0,1,0,0,0,0,0,0,2
1098,16_10_4,0,0,0,1,0,0,0,0,1,4
1099,6610_7_2,0,0,0,0,1,0,1,0,0,4
1100,6407_1_5,0,0,0,0,0,0,1,0,0,2
1101,6507_2_3,0,0,0,0,1,0,1,0,0,4
1102,7325_1_1,0,0,1,0,0,0,0,0,0,2
1103,15_3_2,0,0,0,0,0,0,1,0,1,4
1104,25_10_12,0,0,0,0,0,0,1,0,1,4
1105,7_12_4,0,0,0,0,0,0,1,0,1,4
1106,16_01_01,0,0,0,0,1,0,0,0,0,2
1107,15_12_22,0,0,0,0,0,0,0,0,1,2
1108,24_9_13,0,0,1,0,0,0,0,0,0,2
1109,6609_7_1,0,0,0,0,1,0,0,0,0,2
1110,30_6_C14,0,0,0,0,0,0,1,0,0,2
1111,33_9_19S,0,0,0,0,0,0,1,0,0,2
1112,34_7_2,0,0,0,0,0,0,1,0,1,4
1113,6205_3_1R,0,0,0,0,0,0,1,0,0,2
1114,6507_5_A_6_H,0,0,0,0,0,0,1,0,0,2
1115,33_12_8,0,0,1,0,0,0,0,0,1,4
1116,33_9_L_3H,0,0,0,0,0,0,1,0,0,2
1117,7_4_2,0,0,0,0,0,0,1,0,1,4
1118,34_10_16,0,0,0,1,0,0,1,0,1,6
1119,34_10_55,0,0,1,0,0,0,0,0,0,2
1120,15_3_1,0,0,1,0,0,0,0,0,1,4
1121,24_9_9,0,0,1,0,0,0,1,0,1,6
1122,6405_10_1,0,0,1,0,0,0,1,0,0,4
1123,2_7_B_5B,0,0,0,0,0,0,1,0,0,2
1124,6407_7_1,1,1,1,0,1,0,0,1,0,10
1125,9_4_2,0,0,0,0,0,0,0,0,1,2
1126,15_9_C_2AH,0,0,0,0,0,0,1,0,0,2
1127,31_1_1,0,0,0,0,0,0,0,0,1,2
1128,7_12_1,0,0,0,0,0,0,0,0,1,2
1129,34_4_5,0,0,1,1,0,0,0,0,1,6
1130,25_2_13,0,0,0,1,1,0,1,0,1,8
1131,35_12_1,0,0,0,1,0,0,1,0,1,6
1132,25_5_A_2,0,0,0,0,0,0,1,0,0,2
1133,15_8_2,0,0,0,0,0,0,0,0,1,2
1134,34_4_3,0,0,0,1,0,0,1,0,1,6
1135,35_11_23,0,0,1,0,0,0,0,0,0,2
1136,34_10_53,0,0,1,0,0,0,1,0,1,6
1137,15_3_6,0,0,0,0,0,0,0,0,1,2
1138,7_11_12,0,0,1,0,0,0,1,0,1,6
1139,7120_8_1,0,0,1,0,0,0,1,0,0,4
1140,25_5_A3,0,0,0,0,0,0,1,0,0,2
1141,6406_2_3_T,0,0,0,0,0,0,1,0,0,2
1142,35_9_5,0,0,0,1,0,0,0,0,1,4
1143,2_5_6,0,0,0,0,1,0,0,0,0,2
1144,7321_7_1,0,0,0,0,0,0,1,0,0,2
1145,2_11_8,0,0,0,0,0,0,1,0,0,2
1146,6507_7_5,0,0,0,0,1,0,1,0,0,4
1147,30_3_A_16T2,0,0,0,0,0,0,1,0,0,2
1148,34_8_A_1_AH,0,0,0,0,0,0,1,0,0,2
1149,8_3_1,0,0,0,0,0,0,1,0,1,4
1150,6406_3_D_2,0,0,0,0,0,0,1,0,0,2
1151,35_9_3,0,0,1,0,1,0,1,0,1,8
1152,6608_10_F_1,0,0,0,0,0,0,1,0,0,2
1153,6508_1_2,0,0,0,0,0,0,1,0,0,2
1154,25_10_6,0,0,0,0,1,0,0,0,1,4
1155,6507_7_A_56,0,0,0,0,0,0,1,0,0,2
1156,34_11_A_6,0,0,0,0,0,0,1,0,0,2
1157,16_11_1_S,0,0,0,0,1,0,0,0,0,2
1158,33_9_1,0,0,0,1,0,0,1,0,1,6
1159,33_9_5,0,0,0,0,0,0,0,0,1,2
1160,31_6_5,0,0,0,1,0,0,1,0,1,6
1161,7216_11_1,0,0,0,0,0,0,1,0,0,2
1162,2_5_7,0,0,0,0,0,0,1,0,0,2
1163,6608_11_4,0,0,1,0,0,0,1,0,0,4
1164,6407_9_B_1,0,0,0,0,1,0,0,0,0,2
1165,30_3_A7,0,0,0,0,0,0,1,0,0,2
1166,6204_10_02,0,0,1,0,0,0,0,0,0,2
1167,7_11_1,0,0,1,0,0,0,0,0,1,4
1168,30_6_18,0,0,1,0,0,0,1,0,1,6
1169,2_7_15,0,0,0,0,1,0,0,0,0,2
1170,33_9_C27,0,0,0,0,0,0,1,0,0,2
1171,24_9_10,0,0,1,0,0,0,0,0,1,4
1172,7_7_3,0,0,0,0,1,0,1,0,1,6
1173,6406_9_2,0,0,0,0,0,0,1,0,0,2
1174,24_9_3,0,0,1,0,1,0,0,0,1,6
1175,34_10_38S,0,0,0,0,0,0,1,0,0,2
1176,6507_8_2,0,0,0,0,1,0,1,0,0,4
1177,15_9_9,0,0,1,1,1,0,1,0,1,10
1178,16_1_5,0,0,0,0,0,0,1,0,1,4
1179,34_8_3,0,0,0,1,0,0,1,0,1,6
1180,31_6_2,0,0,0,0,0,0,1,0,1,4
1181,35_9_12,0,0,0,0,0,0,1,0,1,4
1182,3_7_7,0,0,0,0,0,0,1,0,0,2
1183,16_2_22_S,0,0,0,0,0,0,1,0,0,2
1184,30_9_10,0,0,1,0,0,0,0,0,1,4
1185,6506_12_12,0,0,1,0,0,0,1,0,0,4
1186,6_3_2,0,0,0,1,0,0,0,0,1,4
1187,6609_10_1,0,0,0,0,0,0,1,0,0,2
1188,16_3_5,0,0,0,0,0,0,1,0,1,4
1189,25_7_8,0,0,1,0,0,0,0,0,0,2
1190,6506_12_4,1,0,0,0,1,1,1,1,0,10
1191,9_2_6S,0,0,0,0,0,0,1,0,0,2
1192,6407_9_5,0,0,0,0,1,0,1,0,0,4
1193,31_3_1,0,0,0,1,0,0,1,0,1,6
1194,6508_5_1,0,0,0,0,0,0,1,0,0,2
1195,34_10_35,0,0,0,1,0,0,1,0,1,6
1196,16_2_19,0,0,0,0,0,0,1,0,1,4
1197,6407_2_2,1,1,0,0,1,1,1,1,0,12
1198,7_12_7,0,0,0,0,0,0,1,0,1,4
1199,30_3_1_R,0,0,0,0,0,0,1,0,0,2
1200,25_10_7S,0,0,0,0,0,0,1,0,0,2
1201,2008_02_07,0,0,1,0,0,0,0,0,0,2
1202,6305_8_A_2,0,0,0,0,0,0,1,0,0,2
1203,7120_7_3,0,0,0,0,0,0,1,0,0,2
1204,7216_11_1_S,0,0,0,0,0,0,1,0,0,2
1205,30_9_22,0,0,1,0,0,0,1,0,1,6
1206,16_9_1,0,0,0,1,0,0,0,0,1,4
1207,2_7_2,0,0,0,0,1,0,1,0,0,4
1208,35_1_1,0,0,0,0,0,0,1,0,1,4
1209,2_7_1,0,0,1,0,1,0,1,0,0,6
1210,15_9_A_5T2,0,0,0,0,0,0,1,0,0,2
1211,9_2_9S,0,0,0,0,0,0,1,0,0,2
1212,15_5_4,0,0,0,0,1,0,1,0,1,6
1213,6305_9_1,0,0,0,0,0,0,1,0,0,2
1214,6507_11_6,0,0,1,0,0,0,1,0,0,4
1215,2_8_11,0,0,0,0,0,0,1,0,0,2
1216,7220_4_1,0,0,1,0,0,0,1,0,0,4
1217,35_11_10_A,0,0,0,0,1,0,0,0,0,2
1218,6605_08_01,0,0,1,0,0,0,0,0,0,2
1219,7121_5_1,0,0,0,0,0,0,1,0,0,2
1220,30_6_28,0,0,1,0,0,0,0,0,1,4
1221,34_10_40,0,0,1,0,0,0,0,0,1,4
1222,2_1_3,0,0,1,0,0,0,0,0,0,2
1223,30_6_7,0,0,0,0,0,0,0,0,1,2
1224,2_12_2,0,0,0,0,1,0,0,0,0,2
1225,34_10_B9,0,0,0,0,0,0,1,0,0,2
1226,31_2_N_11,0,0,1,0,0,0,1,0,0,4
1227,16_1_10,0,0,0,0,0,0,1,0,1,4
1228,34_3_3,0,0,1,1,0,0,1,0,1,8
1229,2_6_3,0,0,0,0,1,0,1,0,0,4
1230,7125_1_1,0,0,1,0,0,0,0,0,0,2
1231,34_7_I_11_H,0,0,0,0,0,0,1,0,0,2
1232,25_11_C_17H,0,0,0,0,0,0,1,0,0,2
1233,7_4_3,0,0,0,0,0,0,0,0,1,2
1234,25_2_C_2H,0,0,0,0,0,0,1,0,0,2
1235,31_5_4S,0,0,0,0,0,0,1,0,0,2
1236,34_4_6,0,0,0,0,0,0,1,0,1,4
1237,35_11_B_23_H,0,0,1,0,0,0,0,0,0,2
1238,34_10_C_29,0,0,0,0,0,0,1,0,0,2
1239,16_3_4,0,0,0,0,0,0,1,0,1,4
1240,1_6_7,0,0,0,0,1,0,1,0,0,4
1241,16_2_14,0,0,0,0,0,0,1,0,1,4
1242,1_9_1,0,0,1,0,0,0,0,0,0,2
1243,16_2_12,0,0,0,0,0,0,1,0,1,4
1244,15_12_1,0,0,0,0,1,0,1,0,1,6
1245,2_11_9,0,0,0,0,0,0,1,0,0,2
1246,31_2_19,0,0,0,1,0,0,1,0,1,6
1247,17_12_4,0,0,0,0,0,0,1,0,1,4
1248,25_11_6,0,0,0,0,0,0,0,0,1,2
1249,25_5_A_9,0,0,0,0,0,0,1,0,0,2
1250,7_11_4,0,0,0,0,0,0,0,0,1,2
1251,35_11_22,0,0,1,0,0,0,0,0,0,2
1252,6507_8_6,0,0,0,0,1,0,1,0,0,4
1253,10_7_1,0,0,0,0,0,0,1,0,1,4
1254,31_5_H_5H,0,0,0,0,0,0,1,0,0,2
1255,35_2_1,0,0,1,0,0,0,0,0,1,4
1256,25_11_9,0,0,0,0,0,0,1,0,1,4
1257,25_11_B_14H,0,0,0,0,0,0,1,0,0,2
1258,30_9_B15,0,0,0,0,0,0,1,0,0,2
1259,6506_12_8,0,0,0,0,1,0,0,0,0,2
1260,15_9_A_12,0,0,0,0,0,0,1,0,0,2
1261,30_9_5,0,0,1,0,0,0,1,0,1,6
1262,7120_2_3,0,0,1,0,0,0,1,0,0,4
1263,30_6_23,0,0,0,1,0,0,1,0,1,6
1264,6406_2_6A,0,0,0,0,0,0,1,0,0,2
1265,30_9_B50H,0,0,0,0,0,0,1,0,0,2
1266,34_10_C_21,0,0,0,0,0,0,1,0,0,2
1267,15_12_21,0,0,1,0,0,0,1,0,1,6
1268,6407_6_3,1,1,1,0,1,1,1,1,0,14
1269,6611_1_1,0,0,1,0,0,0,0,0,0,2
1270,25_11_19_S,0,0,0,0,1,0,1,0,0,4
1271,7220_11_1,0,0,1,0,0,0,1,0,0,4
1272,34_11_A_4,0,0,0,0,0,0,1,0,0,2
1273,16_1_11,0,0,0,0,0,0,1,0,1,4
1274,35_11_15S,0,0,0,0,0,0,1,0,0,2
1275,2_7_22,0,0,0,0,1,0,0,0,0,2
1276,7120_10_1,0,0,0,0,0,0,1,0,0,2
1277,16_2_9,0,0,0,0,0,0,1,0,1,4
1278,16_1_19,0,0,0,0,0,0,1,0,1,4
1279,24_9_4,0,0,0,0,1,0,0,0,1,4
1280,30_6_30,0,0,1,0,0,0,0,0,0,2
1281,8_4_1,0,0,0,0,0,0,0,0,1,2
1282,6407_1_4,0,0,0,0,1,0,1,0,0,4
1283,7_12_A01,0,0,0,0,0,0,1,0,0,2
1284,35_4_1,0,0,0,1,0,0,1,0,1,6
1285,2_1_13,0,0,0,0,0,0,1,0,0,2
1286,7121_5_3,0,0,0,0,0,0,1,0,0,2
1287,2_1_5,0,0,0,0,1,0,0,0,0,2
1288,2_4_8,0,0,0,0,1,0,1,0,0,4
1289,34_11_A_11,0,0,0,0,0,0,1,0,0,2
1290,7_11_5,0,0,1,0,0,0,0,0,1,4
1291,7019_01_01,0,0,1,0,0,0,0,0,0,2
1292,6605_1_1,0,0,0,0,0,0,1,0,0,2
1293,6405_7_1,0,0,1,0,0,0,1,0,0,4
1294,31_2_20,0,0,0,0,0,0,0,0,1,2
1295,30_3_A_9,0,0,0,0,0,0,1,0,0,2
1296,30_9_7,0,0,1,0,0,0,0,0,1,4
1297,15_3_4,0,0,1,0,1,0,1,0,1,8
1298,30_10_1,0,0,0,0,0,0,0,0,1,2
1299,24_9_14,0,0,1,0,0,0,0,0,0,2
1300,6407_1_6,0,0,1,0,0,0,0,0,0,2
1301,6407_8_4,0,0,1,0,0,0,1,0,0,4
1302,34_7_J_1,0,0,0,0,0,0,1,0,0,2
1303,25_2_14,0,0,0,1,0,0,1,0,1,6
1304,26_5_1,0,0,0,0,0,0,0,0,1,2
1305,16_10_5,0,0,0,1,0,0,0,0,1,4
1306,16_1_9,0,0,1,0,0,0,1,0,1,6
1307,7120_8_3,0,0,0,0,0,0,1,0,0,2
1308,15_9_B_7,0,0,0,0,0,0,1,0,0,2
1309,25_11_13,0,0,0,0,0,0,0,0,1,2
1310,7_7_2,0,0,1,0,0,0,0,0,1,4
1311,30_9_17,0,0,0,0,0,0,0,0,1,2
1312,30_9_23,0,0,0,0,0,0,0,0,1,2
1313,25_11_16,0,0,1,0,0,0,1,0,1,6
1314,25_8_15,0,0,0,0,0,0,0,0,1,2
1315,6406_6_4,0,0,1,0,0,0,0,0,0,2
1316,34_4_8,0,0,0,0,0,0,0,0,1,2
1317,33_9_14,0,0,0,0,0,0,1,0,1,4
1318,2_5_8,0,0,0,0,0,0,1,0,0,2
1319,6507_8_4,0,0,1,0,1,0,1,0,0,6
1320,16_2_14T2,0,0,0,0,0,0,1,0,0,2
1321,33_9_G_3H,0,0,0,0,0,0,1,0,0,2
1322,34_11_3,0,0,0,1,1,0,1,0,1,8
1323,6305_12_2,0,0,0,0,1,0,0,0,0,2
1324,30_3_A11,0,0,0,0,0,0,1,0,0,2
1325,31_2_17,0,0,0,1,0,0,0,0,1,4
1326,7220_6_2,0,0,1,0,0,0,1,0,0,4
1327,6407_9_C_2_H,0,0,0,0,1,0,0,0,0,2
1328,16_2_8,0,0,0,0,0,0,1,0,1,4
1329,34_7_I_5_H,0,0,0,0,0,0,1,0,0,2
1330,2014_02_04,0,0,1,0,0,0,0,0,0,2
1331,7121_4_F_2,0,0,0,0,0,0,1,0,0,2
1332,6407_1_7,0,0,0,0,0,0,1,0,0,2
1333,15_12_9,0,0,0,0,0,0,0,0,1,2
1334,33_6_2,0,0,0,1,1,0,1,0,1,8
1335,15_9_B_1,0,0,1,0,0,0,0,0,0,2
1336,15_3_5,0,0,0,0,1,0,1,0,1,6
1337,34_10_34,0,0,1,0,1,0,1,0,1,8
1338,6604_10_01,0,0,1,0,0,0,0,0,0,2
1339,16_1_15,0,0,0,0,0,0,1,0,1,4
1340,30_10_3,0,0,0,0,0,0,0,0,1,2
1341,7221_12_1,0,0,1,0,0,0,1,0,0,4
1342,6507_8_5,0,0,0,0,0,0,1,0,0,2
1343,30_3_A1,0,0,0,0,0,0,1,0,0,2
1344,7_12_A_09,0,0,0,0,0,0,1,0,0,2
1345,6505_10_1,0,0,0,0,0,1,1,1,0,6
1346,25_1_10,0,0,0,0,0,0,0,0,1,2
1347,30_9_12,0,0,0,0,0,0,1,0,1,4
1348,2_11_10,0,0,1,0,0,0,0,0,0,2
1349,2_4_11,0,0,1,0,1,0,0,0,0,4
1350,30_6_2,0,0,0,0,0,0,1,0,1,4
1351,25_11_8,0,0,0,0,0,0,1,0,1,4
1352,15_12_10S,0,0,0,0,0,0,1,0,0,2
1353,31_3_Q_21_H,0,0,0,0,0,0,1,0,0,2
1354,6506_12_K_3,0,0,0,0,0,0,1,0,0,2
1355,9_10_1,0,0,0,0,0,0,0,0,1,2
1356,31_2_5,0,0,0,0,0,0,0,0,1,2
1357,7219_8_2,0,0,1,0,0,0,1,0,0,4
1358,2_1_4,0,0,0,0,0,0,1,0,0,2
1359,24_9_P_4,0,0,0,0,0,0,1,0,0,2
1360,2_4_X_47,0,0,0,0,0,0,1,0,0,2
1361,7220_10_1,0,0,1,0,0,0,1,0,0,4
1362,33_9_17,0,0,0,0,0,0,1,0,1,4
1363,6507_7_A_46,0,0,0,0,1,0,1,0,0,4
1364,16_10_2,0,0,0,1,0,0,0,0,1,4
1365,7_12_3,0,0,0,0,0,0,1,0,1,4
1366,6407_6_1,1,1,0,0,1,1,1,1,0,12
1367,34_10_F_4_H,0,0,0,0,0,0,1,0,0,2
1368,9_4_5,0,0,0,0,0,0,1,0,1,4
1369,31_2_14,0,0,0,0,0,0,1,0,1,4
1370,7119_12_4,0,0,0,0,0,0,1,0,0,2
1371,33_2_2,0,0,1,0,0,0,1,0,1,6
1372,31_2_7,0,0,0,1,0,0,1,0,1,6
1373,11_5_1,0,0,0,0,0,0,1,0,1,4
1374,16_8_1,0,0,0,1,0,0,0,0,1,4
1375,35_11_20,0,0,1,0,0,0,1,0,0,4
1376,25_1_5,0,0,0,0,0,0,0,0,1,2
1377,2_11_A2,0,0,0,0,0,0,1,0,0,2
1378,7_8_4,0,0,0,0,0,0,1,0,1,4
1379,2_1_A30,0,0,0,0,0,0,1,0,0,2
1380,31_4_7,0,0,0,0,0,0,0,0,1,2
1381,24_9_1,0,0,0,0,1,0,0,0,1,4
1382,6507_2_5,0,0,1,0,0,0,0,0,0,2
1383,34_10_B_18,0,0,0,0,0,0,1,0,0,2
1384,30_4_1,0,0,0,1,0,0,0,0,1,4
1385,34_10_26,0,0,0,0,0,0,0,0,1,2
1386,7_12_11,0,0,0,0,0,0,1,0,1,4
1387,7324_7_2,0,0,1,0,0,0,1,0,0,4
1388,16_11_2,0,0,0,1,0,0,0,0,1,4
1389,6506_11_A_2,0,0,0,0,0,0,1,0,0,2
1390,16_2_21,0,0,0,0,0,0,1,0,1,4
1391,6507_7_A_40,0,0,0,0,0,0,1,0,0,2
1392,6610_3_1,0,0,0,0,1,0,0,0,0,2
1393,6407_4_2,0,0,0,0,0,0,1,0,0,2
1394,7_8_5,0,0,0,0,0,0,0,0,1,2
1395,34_10_30,0,0,0,0,0,0,1,0,1,4
1396,16_2_15,0,0,0,0,0,0,1,0,1,4
1397,34_10_42S,0,0,0,0,0,0,1,0,0,2
1398,25_11_14_SR,0,0,0,0,0,0,1,0,0,2
1399,33_9_M_1H,0,0,0,0,0,0,1,0,0,2
1400,31_4A23,0,0,0,0,0,0,1,0,0,2
1401,34_3_1,0,0,1,1,0,0,0,0,1,6
1402,9_2_6,0,0,1,0,0,0,0,0,1,4
1403,6506_12_I_2H,0,0,0,0,0,0,1,0,0,2
1404,2_5_11,0,0,1,0,0,0,0,0,0,2
1405,25_8_B2,0,0,0,0,0,0,1,0,0,2
1406,6407_8_6A,0,0,0,0,0,0,1,0,0,2
1407,6706_12_1,0,0,0,0,0,0,1,0,0,2
1408,1_9_2,0,0,0,0,0,0,1,0,0,2
1409,34_10_A_28,0,0,0,0,0,0,1,0,0,2
1410,34_4_12,0,0,1,0,0,0,1,0,1,6
1411,34_10_29,0,0,0,0,0,0,0,0,1,2
1412,16_4_10,0,0,0,0,0,0,1,0,1,4
1413,7122_7_6,0,0,0,0,0,0,1,0,0,2
1414,15_9_23,0,0,0,1,0,0,0,0,1,4
1415,30_6_C8,0,0,0,0,0,0,1,0,0,2
1416,2_7_29,0,0,0,0,1,0,1,0,0,4
1417,34_10_C_6,0,0,0,0,0,0,1,0,0,2
1418,34_11_4T2,0,0,0,0,0,0,1,0,0,2
1419,34_8_2,0,0,0,0,0,0,1,0,1,4
1420,6407_9_C_2H,0,0,0,0,0,0,1,0,0,2
1421,34_3_1S_T2,0,0,0,0,0,0,1,0,0,2
1422,6407_2_6,0,0,1,0,0,0,1,0,0,4
1423,6506_11_6,0,0,0,0,0,0,1,0,0,2
1424,6506_11_7,0,0,1,0,0,0,1,0,0,4
1425,15_9_21,0,0,0,0,1,0,0,0,1,4
1426,34_6_4,0,0,0,0,0,0,0,0,1,2
1427,30_8_1,0,0,1,0,0,0,1,0,1,6
1428,31_8_1,0,0,0,0,0,0,0,0,1,2
1429,25_8_10,0,0,1,0,0,0,0,0,1,4
1430,6407_6_6,0,0,1,0,0,0,1,0,0,4
1431,9_2_4,0,0,0,0,0,0,0,0,1,2
1432,25_11_10,0,0,0,0,0,0,0,0,1,2
1433,33_9_11,0,0,0,1,0,0,0,0,1,4
1434,2_7_19,0,0,1,0,1,0,0,0,0,4
1435,33_9_C_37,0,0,0,0,0,0,1,0,0,2
1436,33_9_A_32A,0,0,0,0,0,0,1,0,0,2
1437,34_7_21,0,0,1,1,0,0,0,0,1,6
1438,6406_3_3,1,1,0,0,0,1,0,1,0,8
1439,30_7_3,0,0,0,0,0,0,0,0,1,2
1440,15_9_19_S,0,0,0,0,1,0,0,0,0,2
1441,33_12_1,0,0,1,0,1,0,1,0,1,8
1442,15_9_19BT2,0,0,0,0,0,0,1,0,0,2
1443,30_6_20,0,0,0,0,0,0,0,0,1,2
1444,6407_9_6,0,0,0,0,1,0,1,0,0,4
1445,7_9_1,0,0,0,0,0,0,0,0,1,2
1446,25_5_5,0,0,1,0,1,0,1,0,1,8
1447,34_7_29_S,0,0,0,0,0,0,1,0,0,2
1448,6507_5_2,0,0,0,0,0,0,1,0,0,2
1449,6507_11_X_2,0,0,0,0,0,0,1,0,0,2
1450,15_12_8,0,0,1,0,1,0,0,0,1,6
1451,7_11_6,0,0,0,0,1,0,1,0,1,6
1452,15_12_A_11,0,0,0,0,0,0,1,0,0,2
1453,7219_12_2,0,0,1,0,0,0,0,0,0,2
1454,6607_12_2,0,0,1,0,0,0,0,0,0,2
1455,25_8_16,0,0,1,0,0,0,0,0,1,4
1456,7_12_6,0,0,0,0,0,0,0,0,1,2
1457,15_12_6_S,0,0,0,0,1,0,1,0,0,4
1458,15_9_22,0,0,0,1,0,0,0,0,1,4
1459,6507_07_13,0,0,1,0,0,0,0,0,0,2
1460,24_6_4,0,0,1,0,0,0,0,0,1,4
1461,7220_5_3,0,0,1,0,0,0,0,0,0,2
1462,30_3_7,0,0,1,0,0,0,0,0,1,4
1463,15_8_1,0,0,1,0,1,0,0,0,1,6
1464,25_4_10,0,0,1,0,0,0,0,0,1,4
1465,16_2_4,0,0,1,0,0,0,1,0,1,6
1466,9_2_7,0,0,1,0,0,0,0,0,1,4
1467,26_4_2,0,0,0,0,0,0,0,0,1,2
1468,2_9_2,0,0,0,0,1,0,0,0,0,2
1469,25_10_06,0,0,0,0,1,0,0,0,0,2
1470,7223_5_1,0,0,0,0,0,0,1,0,0,2
1471,16_1_14,0,0,1,0,0,0,1,0,1,6
1472,6507_6_4,0,0,0,0,0,0,1,0,0,2
1473,7228_2_1_S,0,0,0,0,0,0,1,0,0,2
1474,24_9_15,0,0,1,0,0,0,0,0,0,2
1475,25_4_6,0,0,1,0,1,0,0,0,1,6
1476,31_5_B_4H,0,0,0,0,0,0,1,0,0,2
1477,7121_1_1_R,0,0,0,0,0,0,1,0,0,2
1478,7128_4_1,0,0,1,0,0,0,1,0,0,4
1479,15_12_A_14,0,0,0,0,0,0,1,0,0,2
1480,25_8_5,0,0,1,1,1,0,0,0,1,8
1481,15_9_10,0,0,0,0,1,0,1,0,1,6
1482,34_8_14S,0,0,0,0,0,0,1,0,0,2
1483,25_11_12,0,0,0,0,0,0,0,0,1,2
1484,25_6_3,0,0,0,1,0,0,1,0,1,6
1485,25_7_4,0,0,0,0,0,0,0,0,1,2
1486,31_4_A_30,0,0,1,0,0,0,0,0,0,2
1487,1_3_11,0,0,1,0,0,0,1,0,0,4
1488,6201_11_2,0,0,0,0,0,0,0,0,1,2
1489,6407_01_07,0,0,1,0,0,0,0,0,0,2
1490,25_2_7,0,0,0,1,1,0,1,0,1,8
1491,35_3_7,0,0,1,1,0,0,1,0,1,8
1492,6406_2_7,0,0,1,0,0,0,1,0,0,4
1493,17_10_1,0,0,0,0,0,0,0,0,1,2
1494,34_10_43,0,0,1,0,0,0,0,0,1,4
1495,34_2_3,0,0,0,0,1,0,1,0,1,6
1496,2_8_A_29,0,0,0,0,0,0,1,0,0,2
1497,34_10_6,0,0,0,0,0,0,0,0,1,2
1498,31_4_9,0,0,0,0,0,0,1,0,1,4
1499,30_9_12a,0,0,0,0,0,0,1,0,0,2
1500,15_9_12,0,0,0,1,1,0,1,0,1,8
1501,34_7_26A,0,0,0,0,0,0,1,0,0,2
1502,15_9_8,0,0,0,1,1,0,0,0,1,6
1503,6507_3_12,0,0,1,0,0,0,0,0,0,2
1504,17_9_1,0,0,0,0,0,0,0,0,1,2
1505,34_10_31,0,0,0,0,0,0,0,0,1,2
1506,7_12_13,0,0,0,0,0,0,0,0,1,2
1507,31_7_1,0,0,1,0,0,0,1,0,0,4
1508,34_8_8,0,0,0,0,0,0,0,0,1,2
1509,34_11_1,0,0,1,1,1,0,1,0,1,10
1510,25_4_2,0,0,1,0,1,0,0,0,1,6
1511,7120_12_1,0,0,0,0,0,0,1,0,0,2
1512,17_11_1,0,0,0,1,0,0,0,0,1,4
1513,6507_3_8,0,0,1,0,0,0,1,0,0,4
1514,6306_5_1,0,0,0,0,1,0,1,0,0,4
1515,6204_11_1,0,0,0,0,0,0,1,0,1,4
1516,6407_7_9,0,0,1,0,0,0,1,0,0,4
1517,2_6_2,0,0,0,0,1,0,1,0,0,4
1518,34_11_9,0,0,0,1,0,0,0,0,0,2
1519,30_3_A19,0,0,0,0,0,0,1,0,0,2
1520,6407_6_5,0,0,0,0,0,0,1,0,0,2
1521,34_10_33B,0,0,0,0,0,0,1,0,0,2
1522,30_9_B20,0,0,0,0,0,0,1,0,0,2
1523,6704_12_1,0,0,0,0,0,0,1,0,0,2
1524,6506_12_R_1_H,0,0,0,0,0,0,1,0,0,2
1525,34_7_30,0,0,0,0,0,0,1,0,1,4
1526,33_9_A17,0,0,0,0,0,0,1,0,0,2
1527,7121_7_1,0,0,0,0,0,0,1,0,0,2
1528,7120_01_02,0,0,1,0,0,0,0,0,0,2
1529,36_1_2,0,0,0,0,0,0,1,0,1,4
1530,25_3_1,0,0,0,1,1,0,1,0,1,8
1531,6607_5_1,0,0,0,0,1,0,1,0,0,4
1532,34_7_I_2_H,0,0,0,0,0,0,1,0,0,2
1533,30_9_B_24,0,0,0,0,0,0,1,0,0,2
1534,31_4_2,0,0,0,1,0,0,0,0,1,4
1535,15_9_4,0,0,0,1,1,0,0,0,1,6
1536,6507_7_A_9,0,0,0,0,0,0,1,0,0,2
1537,34_10_B_21,0,0,0,0,0,0,1,0,0,2
1538,6406_9_1,0,0,1,0,0,0,1,0,0,4
1539,6406_6_6,0,0,1,0,0,0,0,0,0,2
1540,25_4_1,0,0,1,1,0,0,0,0,1,6
1541,30_9_26,0,0,0,0,0,0,0,0,1,2
1542,6305_7_D_7,0,0,0,0,0,0,1,0,0,2
1543,2_4_6,0,0,1,0,0,0,1,0,0,4
1544,2_7_3,0,0,0,0,1,0,1,0,0,4
1545,6205_3_1,0,0,0,0,0,0,1,0,1,4
1546,34_10_A_29,0,0,0,0,0,0,1,0,0,2
1547,7_8_2,0,0,0,0,0,0,0,0,1,2
1548,6406_12_3_B,0,0,0,0,0,0,1,0,0,2
1549,34_6_1,0,0,0,1,0,0,0,0,1,4
1550,33_9_F_2H,0,0,0,0,0,0,1,0,0,2
1551,31_6_A_11,0,0,0,0,0,0,1,0,0,2
1552,6706_11_2,0,0,1,0,0,0,1,0,0,4
1553,30_5_1,0,0,0,0,0,0,0,0,1,2
1554,35_8_3,0,0,1,1,0,0,1,0,1,8
1555,34_7_33,0,0,0,0,0,0,1,0,1,4
1556,2_5_1,0,0,1,0,0,0,1,0,0,4
1557,30_6_C_5,0,0,0,0,0,0,1,0,0,2
1558,25_12_1,0,0,0,0,0,0,0,0,1,2
1559,6407_1_B_3,0,0,0,0,0,0,1,0,0,2
1560,16_7_8,0,0,0,1,0,0,1,0,1,6
1561,6507_3_10,0,0,1,0,0,0,1,0,0,4
1562,30_6_C04,0,0,0,0,0,0,1,0,0,2
1563,6406_12_1S,0,0,0,0,0,0,1,0,0,2
1564,16_4_7,0,0,0,0,0,0,0,0,1,2
1565,6507_7_2,0,0,1,0,1,0,1,0,0,6
1566,33_9_18A,0,0,0,0,0,0,1,0,0,2
1567,6407_9_2,1,1,0,0,1,1,1,1,0,12
1568,34_10_B10A,0,0,0,0,0,0,1,0,0,2
1569,34_10_C_26,0,0,0,0,0,0,1,0,0,2
1570,25_2_16,0,0,0,0,0,0,0,0,1,2
1571,6406_2_9,0,0,1,0,0,0,0,0,0,2
1572,34_7_A_3_H,0,0,0,0,0,0,1,0,0,2
1573,6407_1_2,0,1,1,0,1,1,1,1,0,12
1574,16_1_18,0,0,0,0,0,0,1,0,1,4
1575,35_12_4,0,0,0,1,0,0,1,0,0,4
1576,6608_10_3,0,0,0,0,1,0,0,0,0,2
1577,34_10_C_12,0,0,0,0,0,0,1,0,0,2
1578,25_2_11,0,0,0,0,0,0,0,0,1,2
1579,30_3_A_24,0,0,0,0,0,0,1,0,0,2
1580,30_9_F_18,0,0,0,0,0,0,1,0,0,2
1581,34_6_3,0,0,1,0,0,0,1,0,1,6
1582,6507_7_A_28,0,0,0,0,0,0,1,0,0,2
1583,34_7_7,0,0,0,0,0,0,1,0,1,4
1584,31_2_21,0,0,0,1,0,0,0,0,1,4
1585,7130_4_1,0,0,1,0,0,0,1,0,0,4
1586,34_10_K_2,0,0,1,0,0,0,0,0,0,2
1587,34_7_C_2_H,0,0,0,0,0,0,1,0,0,2
1588,25_5_7,0,0,1,0,0,0,1,0,1,6
1589,31_5_5,0,0,0,1,0,0,0,0,1,4
1590,34_10_C_32,0,0,0,0,0,0,1,0,0,2
1591,30_6_15,0,0,1,0,0,0,1,0,1,6
1592,35_6_2,0,0,0,1,0,0,0,0,1,4
1593,34_8_14A,0,0,0,0,0,0,1,0,0,2
1594,35_6_1,0,0,0,0,0,0,0,0,1,2
1595,25_11_21,0,0,0,0,0,0,0,0,1,2
1596,34_7_34,0,0,1,0,0,0,1,0,1,6
1597,30_5_3,0,0,1,0,0,0,1,0,1,6
1598,3_5_2,0,0,0,0,1,0,0,0,0,2
1599,6201_11_3,0,0,1,0,0,0,1,0,1,6
1600,33_9_C6,0,0,0,0,0,0,1,0,0,2
1601,31_4_12,0,0,0,0,0,0,0,0,1,2
1602,30_7_2,0,0,1,0,0,0,0,0,1,4
1603,15_3_8,0,0,0,0,0,0,1,0,1,4
1604,7222_1_1,0,0,0,0,0,0,1,0,0,2
1605,34_8_9S,0,0,0,0,0,0,1,0,0,2
1606,6608_11_3,0,0,0,0,0,0,1,0,0,2
1607,15_9_E_4_H,0,0,0,0,0,0,1,0,0,2
1608,6506_12_7,1,1,0,0,1,1,0,1,0,10
1609,34_8_17,0,0,1,0,0,0,0,0,1,4
1610,30_11_1,0,0,0,0,0,0,0,0,1,2
1611,34_3_5,0,0,0,0,0,0,0,0,1,2
1612,34_10_13,0,0,0,0,0,0,1,0,1,4
1613,7_11_8,0,0,0,0,0,0,1,0,1,4
1614,15_6_8S,0,0,0,0,0,0,1,0,0,2
1615,31_4_A_03,0,0,0,0,0,0,1,0,0,2
1616,6406_03_09,0,0,1,0,0,0,0,0,0,2
1617,33_2_1,0,0,0,0,0,0,0,0,1,2
1618,6406_2_S_3_HT3,0,0,0,0,0,0,1,0,0,2
1619,6506_3_1,0,0,0,0,0,0,1,0,0,2
1620,25_6_1,0,0,1,1,1,0,1,0,1,10
1621,6406_3_6,0,0,0,0,0,0,1,0,0,2
1622,6506_11_A_4,0,0,0,0,0,0,1,0,0,2
1623,16_5_3,0,0,0,1,0,0,1,0,1,6
1624,1_9_3,0,0,0,0,1,0,1,0,0,4
1625,15_12_9_S,0,0,0,0,0,0,1,0,0,2
1626,25_11_20,0,0,0,0,1,0,0,0,1,4
1627,6608_10_15,0,0,1,0,0,0,0,0,0,2
1628,31_4_11,0,0,1,0,0,0,1,0,1,6
1629,6608_10_1,0,0,0,0,1,0,0,0,0,2
1630,31_6_A_8,0,0,0,0,0,0,1,0,0,2
1631,25_1_7,0,0,0,0,0,0,0,0,1,2
1632,25_8_7,0,0,0,1,1,0,1,0,1,8
1633,7_11_10_S,0,0,0,0,0,0,1,0,0,2
1634,15_9_1,0,0,0,0,1,0,0,0,1,4
1635,7_12_A_13A,0,0,0,0,0,0,1,0,0,2
1636,30_9_20,0,0,1,0,0,0,1,0,1,6
1637,16_1_17,0,0,0,0,0,0,1,0,1,4
1638,16_2_18,0,0,0,0,0,0,1,0,1,4
1639,3_7_4,0,0,1,0,0,0,1,0,0,4
1640,24_12_4,0,0,0,0,0,0,0,0,1,2
1641,15_9_A_15,0,0,0,0,0,0,1,0,0,2
1642,6603_12_1,0,0,1,0,0,0,1,0,0,4
1643,35_9_6,0,0,1,1,0,0,1,0,1,8
1644,6508_01_02,0,0,1,0,0,0,0,0,0,2
1645,34_8_10_S,0,0,0,0,0,0,1,0,0,2
1646,7220_5_2,0,0,1,0,0,0,1,0,0,4
1647,6608_10_14,0,0,1,0,0,0,1,0,0,4
1648,2_7_21_S,0,0,0,0,0,0,1,0,0,2
1649,6507_11_5S,0,0,0,0,0,0,1,0,0,2
1650,31_4_5,0,0,0,1,0,0,0,0,1,4
1651,34_8_9,0,0,0,0,0,0,0,0,1,2
1652,34_8_1,0,0,1,1,0,0,1,0,1,8
1653,6604_5_1,0,0,1,0,0,0,0,0,0,2
1654,6305_8_1,0,0,0,0,0,0,1,0,0,2
1655,30_6_C_27H,0,0,0,0,0,0,1,0,0,2
1656,25_05_5,0,0,0,0,1,0,0,0,0,2
1657,35_9_8,0,0,0,1,0,0,1,0,1,6
1658,30_6_27,0,0,1,0,0,0,1,0,1,6
1659,31_2_8,0,0,0,1,0,0,1,0,1,6
1660,16_3_6,0,0,0,0,0,0,1,0,1,4
1661,6507_11_1,1,1,1,0,0,1,1,0,0,10
1662,34_10_M_1H,0,0,0,0,0,0,1,0,0,2
1663,34_10_21,0,0,0,1,0,0,1,0,1,6
1664,7218_8_1,0,0,0,0,0,0,1,0,0,2
1665,15_12_17,0,0,0,0,0,0,0,0,1,2
1666,31_6_1,0,0,1,1,0,0,0,0,1,6
1667,8_12_1,0,0,0,0,0,0,0,0,1,2
1668,15_12_12,0,0,1,0,0,0,1,0,1,6
1669,31_4_A_17,0,0,0,0,0,0,1,0,0,2
1670,30_9_B_40,0,0,0,0,0,0,1,0,0,2
1671,7228_7_1ST3,0,0,0,0,0,0,1,0,0,2
1672,15_5_5,0,0,1,0,0,0,1,0,1,6
1673,33_6_1,0,0,0,1,0,0,1,0,1,6
1674,15_9_A22,0,0,0,0,0,0,1,0,0,2
1675,25_5_A_7,0,0,0,0,0,0,1,0,0,2
1676,8_10_6,0,0,0,0,0,0,1,0,1,4
1677,16_2_20,0,0,0,0,0,0,1,0,1,4
1678,34_10_49,0,0,1,0,0,0,0,0,1,4
1679,34_7_A_5_H,0,0,0,0,0,0,1,0,0,2
1680,30_9_K_12_H,0,0,0,0,0,0,1,0,0,2
1681,25_9_3,0,0,0,0,0,0,0,0,1,2
1682,16_4_5,0,0,0,0,0,0,1,0,1,4
1683,30_3_A_20,0,0,0,0,0,0,1,0,0,2
1684,30_3_A6_A_,0,0,0,0,0,0,1,0,0,2
1685,2_1_15,0,0,0,0,0,0,1,0,0,2
1686,25_1_6,0,0,0,0,0,0,0,0,1,2
1687,2007_07_11,0,0,1,0,0,0,0,0,0,2
1688,6710_10_1,0,0,0,0,0,0,1,0,0,2
1689,30_3_A_4,0,0,0,0,0,0,1,0,0,2
1690,34_7_12,0,0,1,1,0,0,1,0,1,8
1691,6608_10_17,0,0,1,0,0,0,0,0,0,2
1692,35_11_6,0,0,0,1,0,0,1,0,1,6
1693,24_12_3,0,0,1,0,0,0,0,0,1,4
1694,16_1_8,0,0,1,0,0,0,1,0,1,6
1695,7122_7_2,0,0,0,0,0,0,1,0,0,2
1696,7120_12_3,0,0,1,0,0,0,0,0,0,2
1697,16_1_21S,0,0,0,0,0,0,1,0,0,2
1698,16_3_8,0,0,0,0,0,0,1,0,1,4
1699,16_1_26,0,0,1,0,0,0,0,0,1,4
1700,34_4_13,0,0,0,0,0,0,0,0,1,2
1701,25_11_22,0,0,0,0,1,0,0,0,1,4
1702,25_2_12,0,0,0,0,0,0,1,0,1,4
1703,25_1_1,0,0,1,0,0,0,0,0,1,4
1704,31_4_A_02,0,0,0,0,0,0,1,0,0,2
1705,2_4_21,0,0,1,0,0,0,1,0,0,4
1706,6407_7_A_10_H,0,0,0,0,1,0,1,0,0,4
1707,7119_9_1,0,0,0,0,0,0,1,0,0,2
1708,35_11_5,0,0,1,1,0,0,1,0,1,8
1709,9_2_2,0,0,0,0,0,0,0,0,1,2
1710,6407_7_1_S,0,0,0,0,0,1,0,0,0,2
1711,30_3_9,0,0,1,0,0,0,1,0,1,6
1712,34_10_36,0,0,0,0,0,0,1,0,1,4
1713,6608_11_5,0,0,0,0,0,0,1,0,0,2
1714,34_10_24,0,0,0,0,0,0,0,0,1,2
1715,25_7_7,0,0,1,0,0,0,0,0,0,2
1716,7122_2_1,0,0,0,0,0,0,1,0,0,2
1717,30_3_A2,0,0,0,0,0,0,1,0,0,2
1718,33_12_4,0,0,0,0,0,0,1,0,1,4
1719,17_12_1,0,0,1,0,0,0,0,0,1,4
1720,6407_7_A_6_H,0,0,0,0,0,0,1,0,0,2
1721,34_7_28,0,0,0,0,1,0,1,0,1,6
1722,15_12_4,0,0,1,0,1,0,1,0,1,8
1723,30_9_6,0,0,1,0,0,0,1,0,1,6
1724,7220_6_1,0,0,0,0,0,0,1,0,0,2
1725,7120_1_3,0,0,1,0,0,0,1,0,0,4
1726,6507_7_A_38,0,0,0,0,0,0,1,0,0,2
1727,16_4_1,0,0,0,1,1,0,1,0,1,8
1728,29_9_1,0,0,0,0,0,0,0,0,1,2
1729,34_7_18,0,0,1,0,0,0,0,0,1,4
1730,31_10_1,0,0,0,0,0,0,0,0,1,2
1731,16_2_3,0,0,1,0,0,0,1,0,1,6
1732,35_9_4,0,0,0,0,0,0,0,0,1,2
1733,15_6_12,0,0,1,0,0,0,0,0,1,4
1734,35_11_15,0,0,1,1,0,0,0,0,1,6
1735,34_10_18,0,0,0,1,0,0,1,0,1,6
1736,2_7_30,0,0,0,0,1,0,1,0,0,4
1737,16_2_13,0,0,0,0,0,0,1,0,1,4
1738,7_12_5,0,0,1,0,1,0,1,0,1,8
1739,35_10_3,0,0,0,0,0,0,0,0,1,2
1740,33_9_19,0,0,1,0,0,0,0,0,1,4
1741,2_1_17,0,0,1,0,0,0,0,0,0,2
1742,16_1_A_11,0,0,0,0,0,0,1,0,0,2
1743,30_7_5,0,0,0,0,0,0,0,0,1,2
1744,1_9_3_R,0,0,0,0,0,0,1,0,0,2
1745,6406_2_8,0,0,1,0,0,0,1,0,0,4
1746,2_1_10,0,0,0,0,1,0,1,0,0,4
1747,34_10_C_18,0,0,1,0,0,0,0,0,0,2
1748,25_8_10S,0,0,0,0,0,0,1,0,0,2
1749,6306_05_01,0,0,1,0,0,0,0,0,0,2
1750,6507_5_5,0,0,0,0,0,0,1,0,0,2
1751,6407_8_6,0,0,1,0,0,0,1,0,0,4
1752,34_4_11,0,0,1,0,0,0,0,0,1,4
1753,25_4_E_1H,0,0,0,0,0,0,1,0,0,2
1754,31_2_F_6_H,0,0,0,0,0,0,1,0,0,2
1755,30_6_9,0,0,1,0,0,0,0,0,1,4
1756,1_3_8,0,0,0,0,1,0,1,0,0,4
1757,34_10_45,0,0,1,0,0,0,0,0,1,4
1758,6608_10_7,0,0,0,0,0,0,1,0,0,2
1759,15_3_7,0,0,0,0,0,0,1,0,1,4
1760,6608_10_11,0,0,1,0,0,0,0,0,0,2
1761,34_8_B_1,0,0,0,0,0,0,1,0,0,2
1762,30_9_4,0,0,1,0,0,0,0,0,1,4
1763,35_12_3_S,0,0,0,0,0,0,1,0,0,2
1764,9_11_1,0,0,0,0,0,0,0,0,1,2
1765,34_8_4A,0,0,0,0,0,0,1,0,0,2
1766,6507_7_11_S,0,0,0,0,0,0,1,0,0,2
1767,9_2_9,0,0,1,0,0,0,0,0,1,4
1768,7120_1_1_R2,0,0,0,0,0,0,1,0,0,2
1769,16_3_U_1,0,0,0,0,0,0,1,0,0,2
1770,2005_02_06,0,0,1,0,0,0,0,0,0,2
1771,30_9_B02,0,0,0,0,0,0,1,0,0,2
1772,33_12_B_19,0,0,0,0,0,0,1,0,0,2
1773,6406_11_1,0,0,1,0,0,0,0,0,0,2
1774,30_10_2,0,0,1,0,0,0,0,0,1,4
1775,30_9_B24,0,0,0,0,0,0,1,0,0,2
1776,6407_10_4,0,0,0,0,0,0,1,0,0,2
1777,30_3_7S,0,0,0,0,0,0,1,0,0,2
1778,36_7_1,0,0,1,1,1,0,1,0,1,10
1779,9_2_7_S,0,0,0,0,1,0,0,0,0,2
1780,7222_6_1,0,0,1,0,0,0,1,0,0,4
1781,30_6_17A,0,0,0,0,0,0,1,0,0,2
1782,6608_10_17S,0,0,0,0,0,0,1,0,0,2
1783,15_12,0,0,1,0,0,0,0,0,0,2
1784,25_11_5,0,0,0,1,1,0,0,0,1,6
1785,34_11_5,0,0,0,0,0,0,0,0,1,2
1786,25_8_17,0,0,1,0,0,0,0,0,1,4
1787,35_10_4,0,0,1,0,0,0,0,0,0,2
1788,15_9_15,0,0,1,1,1,0,1,0,1,10
1789,33_9_2,0,0,0,0,0,0,0,0,1,2
1790,7122_7_5,0,0,0,0,0,0,1,0,0,2
1791,25_11_G,0,0,0,0,0,0,1,0,0,2
1792,30_9_19,0,0,1,0,1,0,1,0,1,8
1793,3_7_5,0,0,0,0,1,0,1,0,0,4
1794,33_9_M_2H,0,0,0,0,0,0,1,0,0,2
1795,30_6_C11,0,0,0,0,0,0,1,0,0,2
1796,16_5_8,0,0,1,0,0,0,0,0,0,2
1797,34_4_9_S,0,0,0,0,0,0,1,0,0,2
1798,7119_12_1,0,0,0,0,0,0,1,0,0,2
1799,7_1_2,0,0,0,1,0,0,0,0,1,4
1800,30_5_2,0,0,0,0,0,0,1,0,1,4
1801,6407_8_2,0,0,1,0,0,0,1,0,0,4
1802,30_6_1,0,0,1,0,0,0,1,0,1,6
1803,34_10_J_3H,0,0,0,0,0,0,1,0,0,2
1804,25_11_3,0,0,0,0,0,0,0,0,1,2
1805,24_09_05,0,0,0,0,1,0,0,0,0,2
1806,6506_12_L_3,0,0,0,0,0,0,1,0,0,2
1807,7119_12_03,0,0,1,0,0,0,0,0,0,2
1808,34_10_B12,0,0,0,0,0,0,1,0,0,2
1809,9_2_5,0,0,0,0,0,0,1,0,1,4
1810,34_7_I_3_H,0,0,0,0,0,0,1,0,0,2
1811,8_10_5,0,0,0,0,0,0,1,0,1,4
1812,30_9_19_A,0,0,0,0,0,0,1,0,0,2
1813,31_5_1,0,0,0,0,0,0,0,0,1,2
1814,34_7_35,0,0,0,0,0,0,0,0,1,2
1815,11_10_1,0,0,0,0,0,0,0,0,1,2
1816,15_3_1_S,0,0,0,0,1,0,1,0,0,4
1817,34_4_7,0,0,0,0,0,0,1,0,1,4
1818,16_2_2,0,0,0,0,0,0,0,0,1,2
1819,6608_10_9,0,0,1,0,0,0,1,0,0,4
1820,15_9_A_19,0,0,0,0,0,0,1,0,0,2
1821,8_11_1,0,0,0,0,0,0,0,0,1,2
1822,35_11_3_S,0,0,0,0,0,0,1,0,0,2
1823,7228_9_1,0,0,0,0,0,0,1,0,0,2
1824,25_11_G_27,0,0,0,0,0,0,1,0,0,2
1825,30_7_8,0,0,0,0,0,0,0,0,1,2
1826,15_12_10,0,0,0,0,0,0,0,0,1,2
1827,25_11_25,0,0,1,0,0,0,1,0,1,6
1828,6706_12_01,0,0,1,0,0,0,0,0,0,2
1829,30_7_6,0,0,1,0,0,0,0,0,0,2
1830,34_10_46,0,0,1,0,0,0,0,0,1,4
1831,15_6_9,0,0,0,0,0,0,1,0,1,4
1832,6507_10_2,0,0,1,0,0,0,1,0,0,4
1833,6507_11_8,0,0,0,0,0,0,1,0,0,2
1834,30_9_2,0,0,0,0,0,0,1,0,1,4
1835,35_9_7,0,0,1,1,0,0,1,0,1,8
1836,15_9_B_14,0,0,0,0,0,0,1,0,0,2
1837,7121_4_E_4,0,0,0,0,0,0,1,0,0,2
1838,34_7_24,0,0,0,0,0,0,0,0,1,2
1839,9_12_1,0,0,0,0,0,0,0,0,1,2
1840,34_10_C_38,0,0,0,0,0,0,1,0,0,2
1841,35_3_2,0,0,1,1,0,0,1,0,1,8
1842,6407_9_6_6407_9_5,0,0,0,0,0,0,1,0,0,2
1843,15_12_2,0,0,0,0,1,0,0,0,1,4
1844,2_4_22,0,0,1,0,0,0,0,0,0,2
1845,6507_7_14,0,0,1,0,0,0,1,0,0,4
1846,15_9_A26,0,0,0,0,0,0,1,0,0,2
1847,6305_4_1,0,0,0,0,0,0,1,0,0,2
1848,15_6_10,0,0,1,0,0,0,0,0,1,4
1849,35_11_16,0,0,0,0,0,0,1,0,1,4
1850,25_2_2,0,0,0,0,0,0,0,0,1,2
1851,33_9_7,0,0,1,0,1,0,1,0,1,8
1852,34_8_10,0,0,0,0,0,0,0,0,1,2
1853,6507_3_1,0,0,1,0,1,0,1,0,0,6
1854,16_1_6,0,0,1,1,0,0,0,0,1,6
1855,6407_10_2,0,0,0,0,0,0,1,0,0,2
1856,33_6_4,0,0,0,0,0,0,0,0,1,2
1857,2_1_9,0,0,1,0,0,0,1,0,0,4
1858,34_10_27,0,0,0,0,0,0,0,0,1,2
1859,6507_3_5,0,0,1,0,0,0,1,0,0,4
1860,7_8_3,0,0,1,0,1,0,1,0,1,8
1861,35_1_2,0,0,0,0,0,0,1,0,1,4
1862,16_2_10,0,0,0,0,0,0,1,0,1,4
1863,30_3_A_13,0,0,0,0,0,0,1,0,0,2
1864,16_5_5,0,0,0,0,0,0,1,0,1,4
1865,34_8_6,0,0,0,1,0,0,0,0,1,4
1866,6507_3_9,0,0,1,0,0,0,1,0,0,4
1867,6705_10_1,0,0,1,0,0,0,1,0,0,4
1868,16_1_2,0,0,0,1,1,0,0,0,1,6
1869,6407_10_1,1,1,0,0,1,0,1,0,0,8
1870,31_2_4,0,0,0,0,0,0,1,0,1,4
1871,25_8_10ST2,0,0,0,0,0,0,1,0,0,2
