,WellName,Occurances
0,34_10_4,0.0
1,2_5_3,0.0
2,6605_8_1,0.0
3,34_10_38,0.0
4,30_9_28,0.0
5,6406_3_2,0.0
6,7_7_1,0.0
7,34_10_C10,0.0
8,34_7_19,0.0
9,1_3_12,0.0
10,6507_7_A_27,0.0
11,33_9_10,0.0
12,15_6_1,0.0
13,34_10_8,0.0
14,6403_6_1,0.0
15,25_11_21S,0.0
16,2_1_A_07,0.0
17,2_4_2,0.0
18,6507_11_9,0.0
19,30_2_4,0.0
20,34_10_C_50,0.0
21,34_10_C_4,0.0
22,16_7_5,0.0
23,7224_6_1,0.0
24,25_08_05_S,0.0
25,30_4_2,0.0
26,16_5_4,0.0
27,30_6_C7,0.0
28,8_10_4,0.0
29,6507_7_A17,0.0
30,25_11_11,0.0
31,7220_11_2,0.0
32,34_10_1,0.0
33,6406_1_1,0.0
34,25_2_10,0.0
35,2_1_A_4,0.0
36,6506_12_9,0.0
37,30_6_13,0.0
38,35_12_2,0.0
39,6407_9_A_2,0.0
40,15_6_6,0.0
41,6506_12_R_4,0.0
42,16_1_7,0.0
43,7219_9_2,0.0
44,33_12_10,0.0
45,30_6_12,0.0
46,34_7_C_5,0.0
47,7_12_A_18,0.0
48,7120_8_2,0.0
49,15_6_5,0.0
50,25_2_4,0.0
51,35_9_3_T2,0.0
52,2_2_1,0.0
53,15_9_7,0.0
54,6608_10_6,0.0
55,25_8_8,0.0
56,6507_8_3,0.0
57,30_3_A_20A,0.0
58,30_9_B18,0.0
59,34_10_7,0.0
60,15_12_19,0.0
61,2_8_15_T2,0.0
62,34_10_11,0.0
63,7317_9_1,0.0
64,6707_10_3,0.0
65,25_10_7,0.0
66,15_9_21S,0.0
67,25_7_1,0.0
68,6506_11_10,0.0
69,6407_7_5,0.0
70,24_9_6,0.0
71,30_9_B03,0.0
72,34_7_17,0.0
73,6204_10_1,0.0
74,2_7_13,0.0
75,9_2_A_4,0.0
76,25_10_8,0.0
77,1_9_5,0.0
78,34_10_20,0.0
79,7_12_3_A,0.0
80,16_1_25,0.0
81,34_7_H_2,0.0
82,7121_8_1,0.0
83,6_3_1,0.0
84,7_8_6,0.0
85,30_11_2,0.0
86,16_4_9,0.0
87,25_6_4,0.0
88,34_10_14,0.0
89,7226_2_1,0.0
90,15_12_24,0.0
91,6406_2_4SR,0.0
92,31_5_6,0.0
93,33_12_3,0.0
94,34_7_30_SR,0.0
95,7_7_4,0.0
96,35_3_5,0.0
97,25_4_7,0.0
98,25_8_6,0.0
99,6506_12_K_1,0.0
100,16_11_1,0.0
101,7121_4_G_4,0.0
102,6507_7_15,0.0
103,25_8_11,0.0
104,6407_5_1,0.0
105,6507_6_2,0.0
106,2_8_18,0.0
107,25_10_9,0.0
108,34_10_C_13,0.0
109,3_4_1,0.0
110,34_10_A37,0.0
111,25_11_15,0.0
112,9_1_1,0.0
113,6507_3_L_2_H,0.0
114,9_2_4_S,0.0
115,6707_10_2A,0.0
116,35_11_4,0.0
117,30_6_C_8,0.0
118,8_3_2,0.0
119,7_12_12,0.0
120,34_10_C_2,0.0
121,7324_6_1,0.0
122,31_2_P_41,0.0
123,34_2_2,0.0
124,34_4_4,0.0
125,7321_8_1,0.0
126,7_4_1,0.0
127,16_2_16,0.0
128,7122_07_03,0.0
129,6407_2_3,0.0
130,30_3_A8,0.0
131,15_9_24,0.0
132,30_9_24,0.0
133,30_3_A3,0.0
134,33_12_B_16A,0.0
135,25_11_27,0.0
136,6507_3_3,0.0
137,7120_1_4,0.0
138,34_7_P_31,0.0
139,6506_12_3,0.0
140,2_7_26_S,0.0
141,35_9_14,0.0
142,2_4_K_09,0.0
143,7220_7_1,0.0
144,29_6_1,0.0
145,35_11_18,0.0
146,30_9_B13S,0.0
147,16_1_23,0.0
148,7_12_A07,0.0
149,7121_7_N_3,0.0
150,6407_7_3,0.0
151,34_8_13,0.0
152,25_5_A4,0.0
153,35_3_6,0.0
154,16_7_4,0.0
155,6407_12_2,0.0
156,2_7_4,0.0
157,7_12_9,0.0
158,25_8_8_A,0.0
159,34_10_A_33,0.0
160,31_2_M_42,0.0
161,6406_12_2,0.0
162,30_3_5,0.0
163,30_9_F_6,0.0
164,6507_12_2,0.0
165,7325_4_1,0.0
166,30_9_3A,0.0
167,30_11_8,0.0
168,6407_7_2,0.0
169,24_12_1,0.0
170,6507_7_A_22,0.0
171,7324_8_1,0.0
172,1_3_9_ST2,0.0
173,7222_11_1,0.0
174,6607_12_3,0.0
175,7125_4_1,0.0
176,2_7_5,0.0
177,9_8_1,0.0
178,1_5_2,0.0
179,6506_11_9,0.0
180,33_12_9,0.0
181,25_8_13,0.0
182,25_1_8,0.0
183,25_10_4,0.0
184,6506_12_L_2,0.0
185,35_8_2,0.0
186,9_4_1,0.0
187,30_6_24,0.0
188,6204_10_2,0.0
189,31_6_3,0.0
190,30_11_14,0.0
191,2_7_27_S,0.0
192,30_2_1,0.0
193,16_7_1,0.0
194,34_7_6,0.0
195,31_2_3_31_2_2_R,0.0
196,36_1_1,0.0
197,7_11_7,0.0
198,6610_2_1,0.0
199,16_4_4,0.0
200,31_2_3,0.0
201,30_9_F_26,0.0
202,30_9_3,0.0
203,1_2_2,0.0
204,30_6_11,0.0
205,6407_10_3,0.0
206,31_4_8,0.0
207,16_7_11,0.0
208,6507_5_6,0.0
209,24_12_5,0.0
210,33_9_M_4H,0.0
211,6305_5_1,0.0
212,31_2_2,0.0
213,6506_11_3,0.0
214,7120_1_2,0.0
215,15_6_3,0.0
216,7120_7_2,0.0
217,2_5_5,0.0
218,34_7_I_1_H,0.0
219,18_10_1,0.0
220,2011_02_01,0.0
221,6306_3_2,0.0
222,9_4_3,0.0
223,6610_7_1,0.0
224,15_9_A_21,0.0
225,34_7_P_42,0.0
226,1_3_5,0.0
227,30_3_A_17,0.0
228,16_7_10,0.0
229,6406_12_3,0.0
230,6204_11_01,0.0
231,15_12_6,0.0
232,6706_6_1,0.0
233,6506_7_4,0.0
234,25_9_4,0.0
235,6507_12_1,0.0
236,6609_11_1,0.0
237,6608_10_E_2_BH,0.0
238,25_5_4,0.0
239,6305_12_1,0.0
240,31_2_9,0.0
241,2003_09_02,0.0
242,6506_12_10,0.0
243,6507_7_13A,0.0
244,33_9_21,0.0
245,31_3_4,0.0
246,31_4_A_7,0.0
247,15_3_3,0.0
248,34_10_A25A,0.0
249,25_6_2,0.0
250,16_1_21,0.0
251,6707_10_1,0.0
252,34_10_47,0.0
253,16_2_1,0.0
254,2022_02_07,0.0
255,16_1_22,0.0
256,15_3_9,0.0
257,15_9_6,0.0
258,34_10_17,0.0
259,35_11_1,0.0
260,6507_3_4,0.0
261,25_4_5,0.0
262,2_4_23,0.0
263,6507_7_C_3,0.0
264,30_3_A12,0.0
265,34_7_25,0.0
266,31_5_2,0.0
267,6608_10_8,0.0
268,2_11_4,0.0
269,30_11_6,0.0
270,34_7_10,0.0
271,6608_10_C_4_H,0.0
272,35_11_11,0.0
273,2_11_A_1_B,0.0
274,34_11_A_3,0.0
275,6507_7_B_3_H,0.0
276,34_10_32,0.0
277,33_9_L_4H,0.0
278,6406_6_1,0.0
279,30_6_17,0.0
280,6608_8_1,0.0
281,7_12_A_3,0.0
282,30_6_21,0.0
283,6406_12_3_A,0.0
284,6407_6_7,0.0
285,25_11_23,0.0
286,35_3_3,0.0
287,6506_11_5S,0.0
288,34_8_12,0.0
289,35_11_13,0.0
290,16_10_3,0.0
291,34_7_1,0.0
292,31_3_2,0.0
293,16_2_U_18,0.0
294,35_9_11A,0.0
295,16_2_17,0.0
296,34_7_29,0.0
297,7321_9_1,0.0
298,34_8_14,0.0
299,15_5_1,0.0
300,6406_2_6,0.0
301,30_7_1,0.0
302,30_9_B29,0.0
303,31_2_11,0.0
304,25_2_5,0.0
305,35_11_14,0.0
306,6407_2_Z_3,0.0
307,2_6_5,0.0
308,2_4_17,0.0
309,34_8_15,0.0
310,1_3_3,0.0
311,34_4_2,0.0
312,15_12_16,0.0
313,6406_6_3,0.0
314,6507_11_4,0.0
315,25_8_12,0.0
316,30_11_4,0.0
317,6507_7_11,0.0
318,9_2_8_S,0.0
319,31_4_A_01,0.0
320,6406_12_3_S,0.0
321,6607_12_03,0.0
322,35_2_3,0.0
323,33_5_1,0.0
324,7324_3_1,0.0
325,15_9_16,0.0
326,16_3_3,0.0
327,6608_10_04,0.0
328,34_7_P_25,0.0
329,17_11_2,0.0
330,6407_5_B_3_H,0.0
331,16_1_13,0.0
332,16_2_6,0.0
333,7120_6_1,0.0
334,34_7_A_1_H,0.0
335,25_1_8_S,0.0
336,8_10_2,0.0
337,6506_6_1,0.0
338,34_7_26,0.0
339,6204_11_02,0.0
340,15_6_11,0.0
341,31_2_D_9,0.0
342,24_6_2,0.0
343,6608_10_H_3,0.0
344,25_8_4,0.0
345,6507_10_1,0.0
346,7220_2_1,0.0
347,15_9_20,0.0
348,34_8_16,0.0
349,6407_8_5,0.0
350,7_11_3,0.0
351,35_11_12,0.0
352,1_2,0.0
353,35_12_6,0.0
354,6407_7_4,0.0
355,16_4_3,0.0
356,24_9_7,0.0
357,16_5_1,0.0
358,31_2_1,0.0
359,6507_7_6,0.0
360,25_2_17,0.0
361,7225_3_1,0.0
362,34_10_54,0.0
363,24_9_12,0.0
364,10_4_1,0.0
365,35_8_1,0.0
366,36_7_2,0.0
367,15_12_7,0.0
368,34_7_11,0.0
369,30_6_C15,0.0
370,6506_12_11_S,0.0
371,34_10_C8,0.0
372,2_11_6_S,0.0
373,3_7_8,0.0
374,34_10_G_3,0.0
375,2_8A_10B,0.0
376,7_11_10,0.0
377,7219_12_1,0.0
378,6406_2_3,0.0
379,30_9_18,0.0
380,6507_2_1,0.0
381,31_4_6,0.0
382,35_11_7,0.0
383,6506_11_5,0.0
384,2_7_B_08,0.0
385,6608_10_2,0.0
386,6305_5_M2,0.0
387,33_9_13,0.0
388,25_2_8,0.0
389,30_9_9,0.0
390,7_12_A16,0.0
391,34_10_3,0.0
392,6608_10_12,0.0
393,7220_5_1,0.0
394,15_9_18,0.0
395,25_1_2,0.0
396,2029_02_07,0.0
397,15_6_4,0.0
398,34_10_K_2H,0.0
399,6707_10_2,0.0
400,25_11_28,0.0
401,15_6_2_R,0.0
402,6506_12_5,0.0
403,33_9_16,0.0
404,7122_4_1,0.0
405,16_2_7,0.0
406,2_8_7,0.0
407,6204_11_2,0.0
408,1_9_7T3,0.0
409,9_2_8,0.0
410,6506_12_I_1,0.0
411,30_9_13,0.0
412,6506_11_N_3_H,0.0
413,2_7_20,0.0
414,6506_12_J_1,0.0
415,34_7_3,0.0
416,30_3_A_7_A,0.0
417,30_9_8,0.0
418,2_8_6,0.0
419,15_9_13,0.0
420,18_11_1,0.0
421,34_10_C_1,0.0
422,34_7_E_2_H,0.0
423,16_1_24,0.0
424,6506_12_N_1,0.0
425,34_10_5,0.0
426,7220_7_2,0.0
427,6407_9_B1,0.0
428,6204_10_2R,0.0
429,15_5_3,0.0
430,7120_6_2,0.0
431,33_9_3,0.0
432,1931_02_07,0.0
433,34_4_9,0.0
434,30_9_14,0.0
435,34_4_10,0.0
436,34_10_22,0.0
437,31_2_16,0.0
438,7_11_2,0.0
439,33_9_8,0.0
440,34_10_37A,0.0
441,7119_12_2,0.0
442,6406_3_8,0.0
443,34_11_2S,0.0
444,10_8_1,0.0
445,7226_11_01,0.0
446,7_12_A_15,0.0
447,1_9_6,0.0
448,25_4_8,0.0
449,1_5_3,0.0
450,34_10_C_5,0.0
451,7120_6_3,0.0
452,16_1_12,0.0
453,15_9_17,0.0
454,6507_7_1,0.0
455,7316_5_1,0.0
456,6407_9_7,0.0
457,6406_3_4,0.0
458,6507_7_3,0.0
459,16_8_3,0.0
460,30_9_27,0.0
461,33_12_7,0.0
462,6407_9_A_2_A,0.0
463,2_2_2,0.0
464,25_8_10_S,0.0
465,6407_7_7,0.0
466,25_5_2,0.0
467,30_3_1,0.0
468,6407_9_4,0.0
469,30_11_5,0.0
470,25_10_10,0.0
471,2_7_25_S,0.0
472,31_4_3,0.0
473,35_9_9,0.0
474,16_7_9,0.0
475,31_4_A_13,0.0
476,9_4_4,0.0
477,6406_9_3,0.0
478,7228_7_1,0.0
479,30_3_10,0.0
480,33_9,0.0
481,30_9_B25,0.0
482,34_10_33,0.0
483,33_9_A_37_B,0.0
484,2_7_25,0.0
485,6506_11_2,0.0
486,6406_2_R_4,0.0
487,25_4_6S,0.0
488,16_3_2,0.0
489,6610_2_1S,0.0
490,31_2_17S,0.0
491,30_6_6,0.0
492,30_6_16,0.0
493,7219_12_1A,0.0
494,33_9_6,0.0
495,6507_7_16,0.0
496,30_9_B23,0.0
497,6507_7_A_35,0.0
498,7122_7_3,0.0
499,34_8_11,0.0
500,7324_2_1,0.0
501,34_2_2_R,0.0
502,6506_12_J_3H,0.0
503,25_11_2,0.0
504,15_9_B_6,0.0
505,25_4_4,0.0
506,2_11_3,0.0
507,35_11_10,0.0
508,31_6_A_33,0.0
509,33_12_2,0.0
510,31_4_1,0.0
511,34_8_4,0.0
512,15_9_B_10,0.0
513,30_6_29,0.0
514,34_10_L_4_H,0.0
515,34_7_25S,0.0
516,7123_4_1,0.0
517,16_8_2,0.0
518,15_9_14,0.0
519,15_2_1,0.0
520,30_3_2,0.0
521,6507_7_A_15,0.0
522,2_7_23,0.0
523,2_1_2,0.0
524,17_3_1,0.0
525,25_11_7,0.0
526,2_11_2,0.0
527,25_2_15,0.0
528,25_8_9,0.0
529,30_11_10,0.0
530,nan,0.0
531,6507_3_2,0.0
532,8_1_1,0.0
533,16_4_8,0.0
534,33_5_2,0.0
535,34_10_2,0.0
536,7121_5_2,0.0
537,16_4_2,0.0
538,31_2_L_41,0.0
539,35_9_2,0.0
540,31_2_M_41,0.0
541,6407_6_4,0.0
542,6607_5_2,0.0
543,34_4_C_6_H,0.0
544,31_2_12,0.0
545,34_2_1,0.0
546,2_12_1,0.0
547,15_9_19S,0.0
548,15_12_20,0.0
549,25_4_3,0.0
550,16_1_4,0.0
551,25_9_2,0.0
552,6507_5_1,0.0
553,16_2_5,0.0
554,25_10_8_A,0.0
555,6507_7_A_53,0.0
556,2_11_1,0.0
557,1_3_K_5,0.0
558,25_10_1,0.0
559,30_11_7,0.0
560,15_12_3,0.0
561,6407_9_9,0.0
562,2_1_7,0.0
563,30_6_8,0.0
564,34_10_28,0.0
565,16_2_U_19,0.0
566,15_6_8,0.0
567,2_8_9,0.0
568,15_9_2,0.0
569,15_12_11S,0.0
570,34_10_39,0.0
571,6510_2_1,0.0
572,6609_5_1,0.0
573,31_4_A_12,0.0
574,31_4_A_26,0.0
575,25_8_C_20,0.0
576,16_7_7,0.0
577,6507_11_X_4_AH,0.0
578,34_11_4,0.0
579,17_6_1,0.0
580,36_7_4,0.0
581,30_6_C_20,0.0
582,31_2_E_6H,0.0
583,34_7_8,0.0
584,31_6_8,0.0
585,7220_8_1,0.0
586,34_7_15,0.0
587,25_11_1,0.0
588,7222_11_2,0.0
589,31_6_6,0.0
590,16_4_6,0.0
591,29_3_1,0.0
592,30_9_B04,0.0
593,25_10_11_T2,0.0
594,16_2_11,0.0
595,25_2_18,0.0
596,7122_7_4,0.0
597,25_9_1,0.0
598,6607_12_2_S,0.0
599,10_5_1,0.0
600,25_5_6,0.0
601,34_10_52,0.0
602,3_7_3,0.0
603,31_5_4,0.0
604,1_6_5,0.0
605,33_9_E_1,0.0
606,2_4_7,0.0
607,6507_7_4,0.0
608,16_3_1,0.0
609,30_11_13,0.0
610,35_9_11,0.0
611,31_3_3,0.0
612,6306_6_1,0.0
613,6608_11_2,0.0
614,34_10_A_40,0.0
615,34_10_G_2H,0.0
616,34_12_1,0.0
617,6608_10_4,0.0
618,7120_1_5,0.0
619,35_9_1_R,0.0
620,5604_22,0.0
621,25_8_2,0.0
622,35_3_4,0.0
623,25_1_11,0.0
624,25_10_2_R,0.0
625,15_9_5,0.0
626,31_2_10,0.0
627,6507_12_3,0.0
628,7_11_11_S,0.0
629,30_11_11,0.0
630,25_10_5,0.0
631,34_10_I_3_H,0.0
632,6406_3_1,0.0
633,35_11_8,0.0
634,30_3_7B,0.0
635,25_5_3,0.0
636,6706_12_3,0.0
637,25_1_3,0.0
638,34_10_37,0.0
639,6407_8_3,0.0
640,36_7_3,0.0
641,15_12_11,0.0
642,30_9_B26,0.0
643,25_8_3,0.0
644,25_11_24,0.0
645,30_9_J_13,0.0
646,25_11_14,0.0
647,15_9_B_13T2,0.0
648,33_9_C11,0.0
649,33_9_9,0.0
650,15_9_B_4T2,0.0
651,25_8_18,0.0
652,25_11_26,0.0
653,31_4_A_14,0.0
654,6506_11_4,0.0
655,33_12_5,0.0
656,35_12_5,0.0
657,1_2_1,0.0
658,1_6_1,0.0
659,34_8_7,0.0
660,2_5_10,0.0
661,34_11_6,0.0
662,16_7_7ST2,0.0
663,6306_6_2,0.0
664,34_11_2,0.0
665,6406_2_5,0.0
666,6204_10_2A,0.0
667,15_12_5,0.0
668,6507_7_A_52,0.0
669,30_9_B_44,0.0
670,36_4_1,0.0
671,34_3_2,0.0
672,7_11_11,0.0
673,2_5_4,0.0
674,16_1_6_S,0.0
675,6407_2_1,0.0
676,25_8_12S,0.0
677,16_1_1,0.0
678,15_5_6,0.0
679,7120_2_1,0.0
680,34_7_P_14,0.0
681,30_6_14,0.0
682,2_11_3_A,0.0
683,1_3_6,0.0
684,35_8_6,0.0
685,31_2_6,0.0
686,7119_12_3,0.0
687,30_9_13S,0.0
688,15_6_13,0.0
689,33_9_12,0.0
690,25_5_8,0.0
691,35_12_3,0.0
692,31_2_D_10_H,0.0
693,7131_4_1,0.0
694,34_7_36,0.0
695,25_11_4,0.0
696,7225_3_2,0.0
697,25_10_6S,0.0
698,30_6_C10,0.0
699,34_7_9,0.0
700,6506_9_3,0.0
701,6407_9_3,0.0
702,7223_05_01,0.0
703,7019_1_1,0.0
704,34_7_P40,0.0
705,7319_12_1,0.0
706,6510_2_1_R,0.0
707,35_11_8S,0.0
708,6406_8_1,0.0
709,25_8_1,0.0
710,24_6_3,0.0
711,25_8_12A,0.0
712,30_10_5,0.0
713,31_2_18,0.0
714,6608_10_16,0.0
715,31_4_A_4,0.0
716,25_2_3,0.0
717,34_7_23,0.0
718,34_10_23,0.0
719,15_9_A_23_A,0.0
720,35_9_1,0.0
721,30_9_1,0.0
722,31_2_13,0.0
723,24_9_8,0.0
724,17_12_2,0.0
725,34_10_H_2H,0.0
726,6407_5_2,0.0
727,25_8_5_S,0.0
728,7316_05_01,0.0
729,7121_4_1,0.0
730,30_7_7,0.0
731,30_9_11,0.0
732,15_9_D_3H,0.0
733,7120_5_1,0.0
734,30_2_2,0.0
735,15_12_18,0.0
736,30_4_D_1_H,0.0
737,6507_11_5,0.0
738,6406_2_1,0.0
739,34_7_14,0.0
740,30_8_4,0.0
741,30_3_A_10,0.0
742,2_7_31,0.0
743,7_3_1,0.0
744,15_12_13,0.0
745,34_7_P_11,0.0
746,30_2_3,0.0
747,30_9_B49H,0.0
748,31_5_3,0.0
749,7120_9_1,0.0
750,34_10_48,0.0
751,2_7_24,0.0
752,30_8_2,0.0
753,6406_2_1R,0.0
754,6706_11_1,0.0
755,2_12_2_S,0.0
756,25_10_2,0.0
757,15_6_8_S,0.0
758,35_11_3,0.0
759,34_4_10_R,0.0
760,31_6_4,0.0
761,29_6,0.0
762,6507_11_3,0.0
763,34_10_B_14,0.0
764,30_10_7,0.0
765,2_1_9A,0.0
766,31_2_O_41,0.0
767,6507_11_2,0.0
768,34_10_10,0.0
769,33_9_20,0.0
770,25_11_17,0.0
771,34_11_B_13,0.0
772,15_12_A_2,0.0
773,31_05_1,0.0
774,7_1_1,0.0
775,6407_9_1,0.0
776,16_7_2,0.0
777,16_7_3,0.0
778,30_6_E_1,0.0
779,17_12_3,0.0
780,16_1_16,0.0
781,25_2_9,0.0
782,6407_4_1,0.0
783,34_7_22,0.0
784,8_5_1,0.0
785,15_12_23,0.0
786,16_1_A_10,0.0
787,15_9_A_8,0.0
788,15_9_B_5,0.0
789,30_3_8,0.0
790,34_7_20,0.0
791,16_1_A_2,0.0
792,2_4_VB_07,0.0
793,24_9_2,0.0
794,34_8_18,0.0
795,30_3_4,0.0
796,7120_12_4,0.0
797,31_2_17SA,0.0
798,6305_5_B_2,0.0
799,6507_8_9,0.0
800,6506_12_Q_2,0.0
801,7_11_13,0.0
802,34_6_3_S,0.0
803,6506_12_11,0.0
804,35_2_2,0.0
805,6507_7_C_2,0.0
806,34_10_25,0.0
807,15_12_A_5,0.0
808,33_6_3,0.0
809,24_12_03,0.0
810,30_9_15,0.0
811,15_6_2,0.0
812,34_8_A_1,0.0
813,6201_11_01,0.0
814,6305_7_1,0.0
815,30_6_3,0.0
816,6407_6_A_3_H,0.0
817,25_2_18_ST2,0.0
818,6507_3_7,0.0
819,30_9_11_A,0.0
820,26_4_1,0.0
821,7128_6_1,0.0
822,7122_6_2,0.0
823,7435_12_1,0.0
824,6507_7_15_S,0.0
825,30_12_1,0.0
826,6507_7_5_A,0.0
827,34_2_4,0.0
828,24_6_1,0.0
829,16_1_3,0.0
830,7_12_2,0.0
831,34_10_B_35,0.0
832,9_3_1,0.0
833,15_9_19,0.0
834,35_04_01,0.0
835,30_6_C12,0.0
836,31_2_15,0.0
837,25_8_8_S,0.0
838,34_10_A_21,0.0
839,9_2_11,0.0
840,34_7_23S,0.0
841,34_7_13,0.0
842,6406_12_1,0.0
843,15_12_14,0.0
844,7_12_8,0.0
845,34_10_C14,0.0
846,34_10_41,0.0
847,6507_8_1,0.0
848,25_1_4,0.0
849,6406_05_01,0.0
850,2_1_A_24B,0.0
851,6507_6_1,0.0
852,34_10_C3,0.0
853,30_9_B,0.0
854,34_10_19,0.0
855,6506_11_4S,0.0
856,15_5,0.0
857,31_6_7,0.0
858,2_8_17S,0.0
859,24_12_6,0.0
860,6406_2_Q_1,0.0
861,35_7_1,0.0
862,16_1_20,0.0
863,6507_5_3,0.0
864,30_6_5,0.0
865,6506_9_1,0.0
866,26_10_1,0.0
867,2_2_5,0.0
868,2_1_1,0.0
869,34_11_A_13,0.0
870,6406_2_2,0.0
871,2_7_28,0.0
872,35_8_5,0.0
873,7228_7_1A,0.0
874,6608_11_1,0.0
875,34_6_2,0.0
876,7226_11_1,0.0
877,30_8_3,0.0
878,34_10_42,0.0
879,25_7_3,0.0
880,2_11_A_7,0.0
881,25_10_4_R,0.0
882,30_3_6,0.0
883,16_1_5A,0.0
884,16_7_6,0.0
885,30_6_C_06,0.0
886,34_7_16,0.0
887,31_4_10,0.0
888,25_8_14,0.0
889,16_5_2,0.0
890,34_10_C_20T,0.0
891,35_08_04,0.0
892,30_6_4,0.0
893,30_9_B12,0.0
894,9_2_3,0.0
895,15_6_7,0.0
896,25_7_6,0.0
897,30_6_10,0.0
898,6305_8_2,0.0
899,30_10_6,0.0
900,6506_12_H_1,0.0
901,6302_6_1,0.0
902,1_9_6_S,0.0
903,6201_11_1,0.0
904,7121_4_D_1,0.0
905,6407_1_3,0.0
906,6605_8_2,0.0
907,25_2_21,0.0
908,33_9_15,0.0
909,25_6_5,0.0
910,30_7_4,0.0
911,30_6_19,0.0
912,24_12_3_S,0.0
913,7122_10_1,0.0
914,3_7_2,0.0
915,35_3_1,0.0
916,7122_7_1,0.0
917,34_10_9,0.0
918,15_9_3,0.0
919,33_9_A22,0.0
920,7220_7_3,0.0
921,6608_10_D_1H,0.0
922,7_11_9,0.0
923,7_12_10,0.0
924,35_11_17,0.0
925,25_10_14,0.0
926,7_8_1,0.0
927,16_6_1,0.0
928,6706_12_2,0.0
929,34_7_31,0.0
930,2_7_9,0.0
931,2_7_D_06,0.0
932,30_9_B27,0.0
933,25_2_C_3H,0.0
934,34_10_C_23,0.0
935,7121_4_2,0.0
936,16_10_1,0.0
937,7220_11_3,0.0
938,2_11_A2ST1,0.0
939,7324_9_1,0.0
940,32_2_1,0.0
941,6506_12_S_4,0.0
942,33_9_18,0.0
943,30_9_21,0.0
944,2_8_8,0.0
945,1_6_6,0.0
946,6507_7_10,0.0
947,6507_5_A_4_H,0.0
948,30_6_26,0.0
949,7120_10_2,0.0
950,6507_7_A_20,0.0
951,6507_7_A_50,0.0
952,2_7_27,0.0
953,6407_2_5,0.0
954,34_7_26_SR,0.0
955,35_10_2,0.0
956,34_10A_1H,0.0
957,30_9_4_S,0.0
958,25_1_9,0.0
959,7122_6_1,0.0
960,6507_11_08,0.0
961,9_2_4S,0.0
962,7229_11_1,0.0
963,7124_3_1,0.0
964,6506_11_4ST2,0.0
965,11_9_1,0.0
966,8_10_1,0.0
967,34_7_A_9_H,0.0
968,6608_10_5,0.0
969,34_7_P_7,0.0
970,15_5_2,0.0
971,6306_10_1,0.0
972,25_8_9_A,0.0
973,6407_9_8,0.0
974,2_7_26,0.0
975,6507_5_9,0.0
976,34_8_4S,0.0
977,31_4_A_1_A,0.0
978,7120_12_2,0.0
979,30_4_3,0.0
980,25_2_1,0.0
981,25_10_3,0.0
982,30_3_A14,0.0
983,3_7_6,0.0
984,25_5_9,0.0
985,34_7_32,0.0
986,30_9_B21,0.0
987,6507_03_13,0.0
988,25_7_5,0.0
989,25_7_2,0.0
990,34_7_27,0.0
991,31_2_G_4H,0.0
992,25_11_19,0.0
993,34_10_A_8,0.0
994,25_10_11,0.0
995,15_6_8A,0.0
996,6506_9_2,0.0
997,9_3_2,0.0
998,6407_7_8,0.0
999,30_3_3,0.0
1000,31_4_4,0.0
1001,25_8_8_B,0.0
1002,9_2_1,0.0
1003,34_7_5,0.0
1004,2_4_18R,0.0
1005,2_1_8,0.0
1006,15_9_A_20,0.0
1007,9_2_8S,0.0
1008,6506_11_1,0.0
1009,30_6_25,0.0
1010,2_6_1,0.0
1011,2_4C_13A,0.0
1012,6506_12_6,0.0
1013,6507_2_2,0.0
1014,35_9_10,0.0
1015,6604_10_1,0.0
1016,34_10_44,0.0
1017,8_10_3,0.0
1018,2001_01_03,0.0
1019,2010_02_04,0.0
1020,16_3_7,0.0
1021,30_3_A_15,0.0
1022,30_9_B_16,0.0
1023,6406_1_2,0.0
1024,15_3_A_5,0.0
1025,6406_12_4,0.0
1026,7_12_A_13,0.0
1027,35_8_4,0.0
1028,2_8_13,0.0
1029,30_11_12,0.0
1030,25_11_18,0.0
1031,25_5_A1,0.0
1032,33_12_B16,0.0
1033,34_5_1,0.0
1034,33_9_C36,0.0
1035,31_5_J_41,0.0
1036,9_2_7S,0.0
1037,7121_7_2,0.0
1038,30_9_25,0.0
1039,34_7_A_2H,0.0
1040,15_12_15,0.0
1041,6507_7_8,0.0
1042,35_11_2,0.0
1043,7_12_A08,0.0
1044,2_7_23_S,0.0
1045,24_12_2,0.0
1046,30_11_3,0.0
1047,25_5_1,0.0
1048,34_8_5,0.0
1049,24_9_5,0.0
1050,2_1_A_16,0.0
1051,7120_7_1,0.0
1052,30_11_9,0.0
1053,33_12_6,0.0
1054,15_5_7,0.0
1055,17_4_1,0.0
1056,25_07_05,0.0
1057,6406_3_9,0.0
1058,2_8_F_2,0.0
1059,16_1_29,0.0
1060,25_2_6,0.0
1061,25_10_13,0.0
1062,8_9_1,0.0
1063,2_3_1,0.0
1064,6507_8_D_3,0.0
1065,2_11_A_8,0.0
1066,30_6_24S,0.0
1067,33_9_4,0.0
1068,2_5_10A,0.0
1069,6506_11_8,0.0
1070,6305_1_1,0.0
1071,6406_3_5,0.0
1072,30_9_16,0.0
1073,15_12_A_8,0.0
1074,34_10_E_1Y1,0.0
1075,6506_12_1,0.0
1076,1_9_4,0.0
1077,6507_2_4,0.0
1078,35_10_1,0.0
1079,2002_02_07,0.0
1080,2007_02_05,0.0
1081,34_4_1,0.0
1082,34_10_15,0.0
1083,34_7_P_12,0.0
1084,34_7_4,0.0
1085,1_3_7_T3,0.0
1086,25_4_9,0.0
1087,30_10_4,0.0
1088,2_1_A_12,0.0
1089,35_11_9,0.0
1090,34_7_P_8,0.0
1091,32_4_1,0.0
1092,7123_4_1_A,0.0
1093,34_10_12,0.0
1094,30_6_22,0.0
1095,34_7_A_4_H,0.0
1096,15_9_11,0.0
1097,6407_07_06,0.0
1098,16_10_4,0.0
1099,6610_7_2,0.0
1100,6407_1_5,0.0
1101,6507_2_3,0.0
1102,7325_1_1,0.0
1103,15_3_2,0.0
1104,25_10_12,0.0
1105,7_12_4,0.0
1106,16_01_01,0.0
1107,15_12_22,0.0
1108,24_9_13,0.0
1109,6609_7_1,0.0
1110,30_6_C14,0.0
1111,33_9_19S,0.0
1112,34_7_2,0.0
1113,6205_3_1R,0.0
1114,6507_5_A_6_H,0.0
1115,33_12_8,0.0
1116,33_9_L_3H,0.0
1117,7_4_2,0.0
1118,34_10_16,0.0
1119,34_10_55,0.0
1120,15_3_1,0.0
1121,24_9_9,0.0
1122,6405_10_1,0.0
1123,2_7_B_5B,0.0
1124,6407_7_1,0.0
1125,9_4_2,0.0
1126,15_9_C_2AH,0.0
1127,31_1_1,0.0
1128,7_12_1,0.0
1129,34_4_5,0.0
1130,25_2_13,0.0
1131,35_12_1,0.0
1132,25_5_A_2,0.0
1133,15_8_2,0.0
1134,34_4_3,0.0
1135,35_11_23,0.0
1136,34_10_53,0.0
1137,15_3_6,0.0
1138,7_11_12,0.0
1139,7120_8_1,0.0
1140,25_5_A3,0.0
1141,6406_2_3_T,0.0
1142,35_9_5,0.0
1143,2_5_6,0.0
1144,7321_7_1,0.0
1145,2_11_8,0.0
1146,6507_7_5,0.0
1147,30_3_A_16T2,0.0
1148,34_8_A_1_AH,0.0
1149,8_3_1,0.0
1150,6406_3_D_2,0.0
1151,35_9_3,0.0
1152,6608_10_F_1,0.0
1153,6508_1_2,0.0
1154,25_10_6,0.0
1155,6507_7_A_56,0.0
1156,34_11_A_6,0.0
1157,16_11_1_S,0.0
1158,33_9_1,0.0
1159,33_9_5,0.0
1160,31_6_5,0.0
1161,7216_11_1,0.0
1162,2_5_7,0.0
1163,6608_11_4,0.0
1164,6407_9_B_1,0.0
1165,30_3_A7,0.0
1166,6204_10_02,0.0
1167,7_11_1,0.0
1168,30_6_18,0.0
1169,2_7_15,0.0
1170,33_9_C27,0.0
1171,24_9_10,0.0
1172,7_7_3,0.0
1173,6406_9_2,0.0
1174,24_9_3,0.0
1175,34_10_38S,0.0
1176,6507_8_2,0.0
1177,15_9_9,0.0
1178,16_1_5,0.0
1179,34_8_3,0.0
1180,31_6_2,0.0
1181,35_9_12,0.0
1182,3_7_7,0.0
1183,16_2_22_S,0.0
1184,30_9_10,0.0
1185,6506_12_12,0.0
1186,6_3_2,0.0
1187,6609_10_1,0.0
1188,16_3_5,0.0
1189,25_7_8,0.0
1190,6506_12_4,0.0
1191,9_2_6S,0.0
1192,6407_9_5,0.0
1193,31_3_1,0.0
1194,6508_5_1,0.0
1195,34_10_35,0.0
1196,16_2_19,0.0
1197,6407_2_2,0.0
1198,7_12_7,0.0
1199,30_3_1_R,0.0
1200,25_10_7S,0.0
1201,2008_02_07,0.0
1202,6305_8_A_2,0.0
1203,7120_7_3,0.0
1204,7216_11_1_S,0.0
1205,30_9_22,0.0
1206,16_9_1,0.0
1207,2_7_2,0.0
1208,35_1_1,0.0
1209,2_7_1,0.0
1210,15_9_A_5T2,0.0
1211,9_2_9S,0.0
1212,15_5_4,0.0
1213,6305_9_1,0.0
1214,6507_11_6,0.0
1215,2_8_11,0.0
1216,7220_4_1,0.0
1217,35_11_10_A,0.0
1218,6605_08_01,0.0
1219,7121_5_1,0.0
1220,30_6_28,0.0
1221,34_10_40,0.0
1222,2_1_3,0.0
1223,30_6_7,0.0
1224,2_12_2,0.0
1225,34_10_B9,0.0
1226,31_2_N_11,0.0
1227,16_1_10,0.0
1228,34_3_3,0.0
1229,2_6_3,0.0
1230,7125_1_1,0.0
1231,34_7_I_11_H,0.0
1232,25_11_C_17H,0.0
1233,7_4_3,0.0
1234,25_2_C_2H,0.0
1235,31_5_4S,0.0
1236,34_4_6,0.0
1237,35_11_B_23_H,0.0
1238,34_10_C_29,0.0
1239,16_3_4,0.0
1240,1_6_7,0.0
1241,16_2_14,0.0
1242,1_9_1,0.0
1243,16_2_12,0.0
1244,15_12_1,0.0
1245,2_11_9,0.0
1246,31_2_19,0.0
1247,17_12_4,0.0
1248,25_11_6,0.0
1249,25_5_A_9,0.0
1250,7_11_4,0.0
1251,35_11_22,0.0
1252,6507_8_6,0.0
1253,10_7_1,0.0
1254,31_5_H_5H,0.0
1255,35_2_1,0.0
1256,25_11_9,0.0
1257,25_11_B_14H,0.0
1258,30_9_B15,0.0
1259,6506_12_8,0.0
1260,15_9_A_12,0.0
1261,30_9_5,0.0
1262,7120_2_3,0.0
1263,30_6_23,0.0
1264,6406_2_6A,0.0
1265,30_9_B50H,0.0
1266,34_10_C_21,0.0
1267,15_12_21,0.0
1268,6407_6_3,0.0
1269,6611_1_1,0.0
1270,25_11_19_S,0.0
1271,7220_11_1,0.0
1272,34_11_A_4,0.0
1273,16_1_11,0.0
1274,35_11_15S,0.0
1275,2_7_22,0.0
1276,7120_10_1,0.0
1277,16_2_9,0.0
1278,16_1_19,0.0
1279,24_9_4,0.0
1280,30_6_30,0.0
1281,8_4_1,0.0
1282,6407_1_4,0.0
1283,7_12_A01,0.0
1284,35_4_1,0.0
1285,2_1_13,0.0
1286,7121_5_3,0.0
1287,2_1_5,0.0
1288,2_4_8,0.0
1289,34_11_A_11,0.0
1290,7_11_5,0.0
1291,7019_01_01,0.0
1292,6605_1_1,0.0
1293,6405_7_1,0.0
1294,31_2_20,0.0
1295,30_3_A_9,0.0
1296,30_9_7,0.0
1297,15_3_4,0.0
1298,30_10_1,0.0
1299,24_9_14,0.0
1300,6407_1_6,0.0
1301,6407_8_4,0.0
1302,34_7_J_1,0.0
1303,25_2_14,0.0
1304,26_5_1,0.0
1305,16_10_5,0.0
1306,16_1_9,0.0
1307,7120_8_3,0.0
1308,15_9_B_7,0.0
1309,25_11_13,0.0
1310,7_7_2,0.0
1311,30_9_17,0.0
1312,30_9_23,0.0
1313,25_11_16,0.0
1314,25_8_15,0.0
1315,6406_6_4,0.0
1316,34_4_8,0.0
1317,33_9_14,0.0
1318,2_5_8,0.0
1319,6507_8_4,0.0
1320,16_2_14T2,0.0
1321,33_9_G_3H,0.0
1322,34_11_3,0.0
1323,6305_12_2,0.0
1324,30_3_A11,0.0
1325,31_2_17,0.0
1326,7220_6_2,0.0
1327,6407_9_C_2_H,0.0
1328,16_2_8,0.0
1329,34_7_I_5_H,0.0
1330,2014_02_04,0.0
1331,7121_4_F_2,0.0
1332,6407_1_7,0.0
1333,15_12_9,0.0
1334,33_6_2,0.0
1335,15_9_B_1,0.0
1336,15_3_5,0.0
1337,34_10_34,0.0
1338,6604_10_01,0.0
1339,16_1_15,0.0
1340,30_10_3,0.0
1341,7221_12_1,0.0
1342,6507_8_5,0.0
1343,30_3_A1,0.0
1344,7_12_A_09,0.0
1345,6505_10_1,0.0
1346,25_1_10,0.0
1347,30_9_12,0.0
1348,2_11_10,0.0
1349,2_4_11,0.0
1350,30_6_2,0.0
1351,25_11_8,0.0
1352,15_12_10S,0.0
1353,31_3_Q_21_H,0.0
1354,6506_12_K_3,0.0
1355,9_10_1,0.0
1356,31_2_5,0.0
1357,7219_8_2,0.0
1358,2_1_4,0.0
1359,24_9_P_4,0.0
1360,2_4_X_47,0.0
1361,7220_10_1,0.0
1362,33_9_17,0.0
1363,6507_7_A_46,0.0
1364,16_10_2,0.0
1365,7_12_3,0.0
1366,6407_6_1,0.0
1367,34_10_F_4_H,0.0
1368,9_4_5,0.0
1369,31_2_14,0.0
1370,7119_12_4,0.0
1371,33_2_2,0.0
1372,31_2_7,0.0
1373,11_5_1,0.0
1374,16_8_1,0.0
1375,35_11_20,0.0
1376,25_1_5,0.0
1377,2_11_A2,0.0
1378,7_8_4,0.0
1379,2_1_A30,0.0
1380,31_4_7,0.0
1381,24_9_1,0.0
1382,6507_2_5,0.0
1383,34_10_B_18,0.0
1384,30_4_1,0.0
1385,34_10_26,0.0
1386,7_12_11,0.0
1387,7324_7_2,0.0
1388,16_11_2,0.0
1389,6506_11_A_2,0.0
1390,16_2_21,0.0
1391,6507_7_A_40,0.0
1392,6610_3_1,0.0
1393,6407_4_2,0.0
1394,7_8_5,0.0
1395,34_10_30,0.0
1396,16_2_15,0.0
1397,34_10_42S,0.0
1398,25_11_14_SR,0.0
1399,33_9_M_1H,0.0
1400,31_4A23,0.0
1401,34_3_1,0.0
1402,9_2_6,0.0
1403,6506_12_I_2H,0.0
1404,2_5_11,0.0
1405,25_8_B2,0.0
1406,6407_8_6A,0.0
1407,6706_12_1,0.0
1408,1_9_2,0.0
1409,34_10_A_28,0.0
1410,34_4_12,0.0
1411,34_10_29,0.0
1412,16_4_10,0.0
1413,7122_7_6,0.0
1414,15_9_23,0.0
1415,30_6_C8,0.0
1416,2_7_29,0.0
1417,34_10_C_6,0.0
1418,34_11_4T2,0.0
1419,34_8_2,0.0
1420,6407_9_C_2H,0.0
1421,34_3_1S_T2,0.0
1422,6407_2_6,0.0
1423,6506_11_6,0.0
1424,6506_11_7,0.0
1425,15_9_21,0.0
1426,34_6_4,0.0
1427,30_8_1,0.0
1428,31_8_1,0.0
1429,25_8_10,0.0
1430,6407_6_6,0.0
1431,9_2_4,0.0
1432,25_11_10,0.0
1433,33_9_11,0.0
1434,2_7_19,0.0
1435,33_9_C_37,0.0
1436,33_9_A_32A,0.0
1437,34_7_21,0.0
1438,6406_3_3,0.0
1439,30_7_3,0.0
1440,15_9_19_S,0.0
1441,33_12_1,0.0
1442,15_9_19BT2,0.0
1443,30_6_20,0.0
1444,6407_9_6,0.0
1445,7_9_1,0.0
1446,25_5_5,0.0
1447,34_7_29_S,0.0
1448,6507_5_2,0.0
1449,6507_11_X_2,0.0
1450,15_12_8,0.0
1451,7_11_6,0.0
1452,15_12_A_11,0.0
1453,7219_12_2,0.0
1454,6607_12_2,0.0
1455,25_8_16,0.0
1456,7_12_6,0.0
1457,15_12_6_S,0.0
1458,15_9_22,0.0
1459,6507_07_13,0.0
1460,24_6_4,0.0
1461,7220_5_3,0.0
1462,30_3_7,0.0
1463,15_8_1,0.0
1464,25_4_10,0.0
1465,16_2_4,0.0
1466,9_2_7,0.0
1467,26_4_2,0.0
1468,2_9_2,0.0
1469,25_10_06,0.0
1470,7223_5_1,0.0
1471,16_1_14,0.0
1472,6507_6_4,0.0
1473,7228_2_1_S,0.0
1474,24_9_15,0.0
1475,25_4_6,0.0
1476,31_5_B_4H,0.0
1477,7121_1_1_R,0.0
1478,7128_4_1,0.0
1479,15_12_A_14,0.0
1480,25_8_5,0.0
1481,15_9_10,0.0
1482,34_8_14S,0.0
1483,25_11_12,0.0
1484,25_6_3,0.0
1485,25_7_4,0.0
1486,31_4_A_30,0.0
1487,1_3_11,0.0
1488,6201_11_2,0.0
1489,6407_01_07,0.0
1490,25_2_7,0.0
1491,35_3_7,0.0
1492,6406_2_7,0.0
1493,17_10_1,0.0
1494,34_10_43,0.0
1495,34_2_3,0.0
1496,2_8_A_29,0.0
1497,34_10_6,0.0
1498,31_4_9,0.0
1499,30_9_12a,0.0
1500,15_9_12,0.0
1501,34_7_26A,0.0
1502,15_9_8,0.0
1503,6507_3_12,0.0
1504,17_9_1,0.0
1505,34_10_31,0.0
1506,7_12_13,0.0
1507,31_7_1,0.0
1508,34_8_8,0.0
1509,34_11_1,0.0
1510,25_4_2,0.0
1511,7120_12_1,0.0
1512,17_11_1,0.0
1513,6507_3_8,0.0
1514,6306_5_1,0.0
1515,6204_11_1,0.0
1516,6407_7_9,0.0
1517,2_6_2,0.0
1518,34_11_9,0.0
1519,30_3_A19,0.0
1520,6407_6_5,0.0
1521,34_10_33B,0.0
1522,30_9_B20,0.0
1523,6704_12_1,0.0
1524,6506_12_R_1_H,0.0
1525,34_7_30,0.0
1526,33_9_A17,0.0
1527,7121_7_1,0.0
1528,7120_01_02,0.0
1529,36_1_2,0.0
1530,25_3_1,0.0
1531,6607_5_1,0.0
1532,34_7_I_2_H,0.0
1533,30_9_B_24,0.0
1534,31_4_2,0.0
1535,15_9_4,0.0
1536,6507_7_A_9,0.0
1537,34_10_B_21,0.0
1538,6406_9_1,0.0
1539,6406_6_6,0.0
1540,25_4_1,0.0
1541,30_9_26,0.0
1542,6305_7_D_7,0.0
1543,2_4_6,0.0
1544,2_7_3,0.0
1545,6205_3_1,0.0
1546,34_10_A_29,0.0
1547,7_8_2,0.0
1548,6406_12_3_B,0.0
1549,34_6_1,0.0
1550,33_9_F_2H,0.0
1551,31_6_A_11,0.0
1552,6706_11_2,0.0
1553,30_5_1,0.0
1554,35_8_3,0.0
1555,34_7_33,0.0
1556,2_5_1,0.0
1557,30_6_C_5,0.0
1558,25_12_1,0.0
1559,6407_1_B_3,0.0
1560,16_7_8,0.0
1561,6507_3_10,0.0
1562,30_6_C04,0.0
1563,6406_12_1S,0.0
1564,16_4_7,0.0
1565,6507_7_2,0.0
1566,33_9_18A,0.0
1567,6407_9_2,0.0
1568,34_10_B10A,0.0
1569,34_10_C_26,0.0
1570,25_2_16,0.0
1571,6406_2_9,0.0
1572,34_7_A_3_H,0.0
1573,6407_1_2,0.0
1574,16_1_18,0.0
1575,35_12_4,0.0
1576,6608_10_3,0.0
1577,34_10_C_12,0.0
1578,25_2_11,0.0
1579,30_3_A_24,0.0
1580,30_9_F_18,0.0
1581,34_6_3,0.0
1582,6507_7_A_28,0.0
1583,34_7_7,0.0
1584,31_2_21,0.0
1585,7130_4_1,0.0
1586,34_10_K_2,0.0
1587,34_7_C_2_H,0.0
1588,25_5_7,0.0
1589,31_5_5,0.0
1590,34_10_C_32,0.0
1591,30_6_15,0.0
1592,35_6_2,0.0
1593,34_8_14A,0.0
1594,35_6_1,0.0
1595,25_11_21,0.0
1596,34_7_34,0.0
1597,30_5_3,0.0
1598,3_5_2,0.0
1599,6201_11_3,0.0
1600,33_9_C6,0.0
1601,31_4_12,0.0
1602,30_7_2,0.0
1603,15_3_8,0.0
1604,7222_1_1,0.0
1605,34_8_9S,0.0
1606,6608_11_3,0.0
1607,15_9_E_4_H,0.0
1608,6506_12_7,0.0
1609,34_8_17,0.0
1610,30_11_1,0.0
1611,34_3_5,0.0
1612,34_10_13,0.0
1613,7_11_8,0.0
1614,15_6_8S,0.0
1615,31_4_A_03,0.0
1616,6406_03_09,0.0
1617,33_2_1,0.0
1618,6406_2_S_3_HT3,0.0
1619,6506_3_1,0.0
1620,25_6_1,0.0
1621,6406_3_6,0.0
1622,6506_11_A_4,0.0
1623,16_5_3,0.0
1624,1_9_3,0.0
1625,15_12_9_S,0.0
1626,25_11_20,0.0
1627,6608_10_15,0.0
1628,31_4_11,0.0
1629,6608_10_1,0.0
1630,31_6_A_8,0.0
1631,25_1_7,0.0
1632,25_8_7,0.0
1633,7_11_10_S,0.0
1634,15_9_1,0.0
1635,7_12_A_13A,0.0
1636,30_9_20,0.0
1637,16_1_17,0.0
1638,16_2_18,0.0
1639,3_7_4,0.0
1640,24_12_4,0.0
1641,15_9_A_15,0.0
1642,6603_12_1,0.0
1643,35_9_6,0.0
1644,6508_01_02,0.0
1645,34_8_10_S,0.0
1646,7220_5_2,0.0
1647,6608_10_14,0.0
1648,2_7_21_S,0.0
1649,6507_11_5S,0.0
1650,31_4_5,0.0
1651,34_8_9,0.0
1652,34_8_1,0.0
1653,6604_5_1,0.0
1654,6305_8_1,0.0
1655,30_6_C_27H,0.0
1656,25_05_5,0.0
1657,35_9_8,0.0
1658,30_6_27,0.0
1659,31_2_8,0.0
1660,16_3_6,0.0
1661,6507_11_1,0.0
1662,34_10_M_1H,0.0
1663,34_10_21,0.0
1664,7218_8_1,0.0
1665,15_12_17,0.0
1666,31_6_1,0.0
1667,8_12_1,0.0
1668,15_12_12,0.0
1669,31_4_A_17,0.0
1670,30_9_B_40,0.0
1671,7228_7_1ST3,0.0
1672,15_5_5,0.0
1673,33_6_1,0.0
1674,15_9_A22,0.0
1675,25_5_A_7,0.0
1676,8_10_6,0.0
1677,16_2_20,0.0
1678,34_10_49,0.0
1679,34_7_A_5_H,0.0
1680,30_9_K_12_H,0.0
1681,25_9_3,0.0
1682,16_4_5,0.0
1683,30_3_A_20,0.0
1684,30_3_A6_A_,0.0
1685,2_1_15,0.0
1686,25_1_6,0.0
1687,2007_07_11,0.0
1688,6710_10_1,0.0
1689,30_3_A_4,0.0
1690,34_7_12,0.0
1691,6608_10_17,0.0
1692,35_11_6,0.0
1693,24_12_3,0.0
1694,16_1_8,0.0
1695,7122_7_2,0.0
1696,7120_12_3,0.0
1697,16_1_21S,0.0
1698,16_3_8,0.0
1699,16_1_26,0.0
1700,34_4_13,0.0
1701,25_11_22,0.0
1702,25_2_12,0.0
1703,25_1_1,0.0
1704,31_4_A_02,0.0
1705,2_4_21,0.0
1706,6407_7_A_10_H,0.0
1707,7119_9_1,0.0
1708,35_11_5,0.0
1709,9_2_2,0.0
1710,6407_7_1_S,0.0
1711,30_3_9,0.0
1712,34_10_36,0.0
1713,6608_11_5,0.0
1714,34_10_24,0.0
1715,25_7_7,0.0
1716,7122_2_1,0.0
1717,30_3_A2,0.0
1718,33_12_4,0.0
1719,17_12_1,0.0
1720,6407_7_A_6_H,0.0
1721,34_7_28,0.0
1722,15_12_4,0.0
1723,30_9_6,0.0
1724,7220_6_1,0.0
1725,7120_1_3,0.0
1726,6507_7_A_38,0.0
1727,16_4_1,0.0
1728,29_9_1,0.0
1729,34_7_18,0.0
1730,31_10_1,0.0
1731,16_2_3,0.0
1732,35_9_4,0.0
1733,15_6_12,0.0
1734,35_11_15,0.0
1735,34_10_18,0.0
1736,2_7_30,0.0
1737,16_2_13,0.0
1738,7_12_5,0.0
1739,35_10_3,0.0
1740,33_9_19,0.0
1741,2_1_17,0.0
1742,16_1_A_11,0.0
1743,30_7_5,0.0
1744,1_9_3_R,0.0
1745,6406_2_8,0.0
1746,2_1_10,0.0
1747,34_10_C_18,0.0
1748,25_8_10S,0.0
1749,6306_05_01,0.0
1750,6507_5_5,0.0
1751,6407_8_6,0.0
1752,34_4_11,0.0
1753,25_4_E_1H,0.0
1754,31_2_F_6_H,0.0
1755,30_6_9,0.0
1756,1_3_8,0.0
1757,34_10_45,0.0
1758,6608_10_7,0.0
1759,15_3_7,0.0
1760,6608_10_11,0.0
1761,34_8_B_1,0.0
1762,30_9_4,0.0
1763,35_12_3_S,0.0
1764,9_11_1,0.0
1765,34_8_4A,0.0
1766,6507_7_11_S,0.0
1767,9_2_9,0.0
1768,7120_1_1_R2,0.0
1769,16_3_U_1,0.0
1770,2005_02_06,0.0
1771,30_9_B02,0.0
1772,33_12_B_19,0.0
1773,6406_11_1,0.0
1774,30_10_2,0.0
1775,30_9_B24,0.0
1776,6407_10_4,0.0
1777,30_3_7S,0.0
1778,36_7_1,0.0
1779,9_2_7_S,0.0
1780,7222_6_1,0.0
1781,30_6_17A,0.0
1782,6608_10_17S,0.0
1783,15_12,0.0
1784,25_11_5,0.0
1785,34_11_5,0.0
1786,25_8_17,0.0
1787,35_10_4,0.0
1788,15_9_15,0.0
1789,33_9_2,0.0
1790,7122_7_5,0.0
1791,25_11_G,0.0
1792,30_9_19,0.0
1793,3_7_5,0.0
1794,33_9_M_2H,0.0
1795,30_6_C11,0.0
1796,16_5_8,0.0
1797,34_4_9_S,0.0
1798,7119_12_1,0.0
1799,7_1_2,0.0
1800,30_5_2,0.0
1801,6407_8_2,0.0
1802,30_6_1,0.0
1803,34_10_J_3H,0.0
1804,25_11_3,0.0
1805,24_09_05,0.0
1806,6506_12_L_3,0.0
1807,7119_12_03,0.0
1808,34_10_B12,0.0
1809,9_2_5,0.0
1810,34_7_I_3_H,0.0
1811,8_10_5,0.0
1812,30_9_19_A,0.0
1813,31_5_1,0.0
1814,34_7_35,0.0
1815,11_10_1,0.0
1816,15_3_1_S,0.0
1817,34_4_7,0.0
1818,16_2_2,0.0
1819,6608_10_9,0.0
1820,15_9_A_19,0.0
1821,8_11_1,0.0
1822,35_11_3_S,0.0
1823,7228_9_1,0.0
1824,25_11_G_27,0.0
1825,30_7_8,0.0
1826,15_12_10,0.0
1827,25_11_25,0.0
1828,6706_12_01,0.0
1829,30_7_6,0.0
1830,34_10_46,0.0
1831,15_6_9,0.0
1832,6507_10_2,0.0
1833,6507_11_8,0.0
1834,30_9_2,0.0
1835,35_9_7,0.0
1836,15_9_B_14,0.0
1837,7121_4_E_4,0.0
1838,34_7_24,0.0
1839,9_12_1,0.0
1840,34_10_C_38,0.0
1841,35_3_2,0.0
1842,6407_9_6_6407_9_5,0.0
1843,15_12_2,0.0
1844,2_4_22,0.0
1845,6507_7_14,0.0
1846,15_9_A26,0.0
1847,6305_4_1,0.0
1848,15_6_10,0.0
1849,35_11_16,0.0
1850,25_2_2,0.0
1851,33_9_7,0.0
1852,34_8_10,0.0
1853,6507_3_1,0.0
1854,16_1_6,0.0
1855,6407_10_2,0.0
1856,33_6_4,0.0
1857,2_1_9,0.0
1858,34_10_27,0.0
1859,6507_3_5,0.0
1860,7_8_3,0.0
1861,35_1_2,0.0
1862,16_2_10,0.0
1863,30_3_A_13,0.0
1864,16_5_5,0.0
1865,34_8_6,0.0
1866,6507_3_9,0.0
1867,6705_10_1,0.0
1868,16_1_2,0.0
1869,6407_10_1,0.0
1870,31_2_4,0.0
1871,25_8_10ST2,0.0
